nombre,precio,ubicacion,enlace,habitaciones,ba√±os,metros_cuadrados
"Renta de apartamento en Zona 14, Santa In√©s ...","$ 2,200","Zona 14, *Guatemala, Ciudad",https://mapainmueble.com/properties/renta-de-apartamento-en-zona-14-santa-ines-del-parque-de-2-dormitorios-daa43462/,Dormitorios: 2,Ba√±os: 2.5,Tama√±o de la propiedad: 152 m2
Apartamento en alquiler zona 14 Santa In√©s d...,"$ 2,200 + IVA","Zona 14, *Guatemala, Ciudad",https://mapainmueble.com/properties/apartamento-en-alquiler-zona-14-santa-ines-del-parque-daa42948/,Dormitorios: 2,Ba√±os: 2.5,Tama√±o de la propiedad: 150 m2
Apartamento en alquiler zona 14 Santa In√©s d...,"$ 3,499","Zona 14, *Guatemala, Ciudad",https://mapainmueble.com/properties/apartamento-en-alquiler-zona-14-santa-ines-de-3-habitaciones-amueblado-daa42144/,Dormitorios: 3,Ba√±os: 3.5,Tama√±o de la propiedad: 252 m2
Apartamento en alquiler zona 14  de 3 dormit...,"$ 3,499","Zona 14, *Guatemala, Ciudad",https://mapainmueble.com/properties/apartamento-en-alquiler-santa-ines-zona-14-amueblado-de-3-dormitorios-daa41616/,Dormitorios: 3,Ba√±os: 3.5,Tama√±o de la propiedad: 252 m2
"Apartamento en Renta en Edificio Tadeus, zon...","$ 2,200 $","Zona 14, *Guatemala, Ciudad",https://mapainmueble.com/properties/apartamento-en-renta-en-edificio-tadeus-zona-14-ciudad-de-guatemala-caa13501/,Dormitorios: 2,Ba√±os: 2,Tama√±o de la propiedad: 295 m2
Exclusivo  apartamento  en renta Tiffany zon...,"$ 3,200","Zona 14, *Guatemala, Ciudad",https://mapainmueble.com/properties/exclusivo-apartamento-en-renta-tiffany-zona-14-caa13500/,Dormitorios: 3,Ba√±os: 2.5,Tama√±o de la propiedad: 202 m2
APARTAMENTO ALQUILER ATTICA 2,"$ 1,500","Zona 14, *Guatemala, Ciudad",https://mapainmueble.com/properties/apartamento-alquiler-attica-2-daa43655/,Dormitorios: 2,Ba√±os: 3.5,Tama√±o de la propiedad: 193 m2
"ALQUILER APARTAMENTO ZONA 14, AMUEBLADO","$ 1,800 VER DETALLES","Zona 14, *Guatemala, Ciudad",https://mapainmueble.com/properties/alquiler-apartamento-zona-14-amueblado-daa43643/,Dormitorios: 2,Ba√±os: 2,Tama√±o de la propiedad: 125 m2
APARTAMENTO EN RENTA ZONA 14 SANTA INES DEL ...,"$ 2,200","Zona 14, *Guatemala, Ciudad",https://mapainmueble.com/properties/apartamento-en-renta-zona-14-santa-ines-del-parque-daa43641/,Dormitorios: 2,Ba√±os: 2.5,Tama√±o de la propiedad: 160 m2
"Renta de apartamento en Zona 14, Santa In√©s ...","$ 2,200","Zona 14, *Guatemala, Ciudad",https://mapainmueble.com/properties/renta-de-apartamento-en-zona-14-santa-ines-del-parque-de-2-dormitorios-daa43462/,Dormitorios: 2,Ba√±os: 2.5,Tama√±o de la propiedad: 152 m2
Apartamento en alquiler zona 14 Santa In√©s d...,"$ 2,200 + IVA","Zona 14, *Guatemala, Ciudad",https://mapainmueble.com/properties/apartamento-en-alquiler-zona-14-santa-ines-del-parque-daa42948/,Dormitorios: 2,Ba√±os: 2.5,Tama√±o de la propiedad: 150 m2
Apartamento en alquiler zona 14 Santa In√©s d...,"$ 3,499","Zona 14, *Guatemala, Ciudad",https://mapainmueble.com/properties/apartamento-en-alquiler-zona-14-santa-ines-de-3-habitaciones-amueblado-daa42144/,Dormitorios: 3,Ba√±os: 3.5,Tama√±o de la propiedad: 252 m2
Apartamento en alquiler zona 14  de 3 dormit...,"$ 3,499","Zona 14, *Guatemala, Ciudad",https://mapainmueble.com/properties/apartamento-en-alquiler-santa-ines-zona-14-amueblado-de-3-dormitorios-daa41616/,Dormitorios: 3,Ba√±os: 3.5,Tama√±o de la propiedad: 252 m2
Zona 14 apartamento Bonaire en renta,"$ 1,100","Zona 14, *Guatemala, Ciudad",https://mapainmueble.com/properties/zona-14-apartamento-bonaire-en-renta-caa13528/,Dormitorios: 3,Ba√±os: 2.5,Tama√±o del lote del Inmueble: 10 m2
Zona 14 | Apto 1 Habitaci√≥n en ALQUILER,$ 850 Poco Negociables + IVA,"Zona 14, *Guatemala, Ciudad",https://mapainmueble.com/properties/zona-14-apto-1-habitacion-en-alquiler-caa13527/,Dormitorios: 1,Ba√±os: 1,Tama√±o de la propiedad: 100 m2
"ALQUILER APARTAMENTO ZONA 14, AMUEBLADO","$ 1,950 VER DETALLES","Zona 14, *Guatemala, Ciudad",https://mapainmueble.com/properties/alquiler-apartamento-zona-14-amueblado-daa43706/,Dormitorios: 2,Ba√±os: 2.5,Tama√±o de la propiedad: 228 m2
"ALQUILER APARTAMENTO ZONA 14, LAS CONCHAS","$ 2,100 VER DETALLES","Zona 14, *Guatemala, Ciudad",https://mapainmueble.com/properties/alquiler-apartamento-zona-14-las-conchas-caa13525/,Dormitorios: 2,Ba√±os: 2,Tama√±o de la propiedad: 290 m2
"ALQUILER APARTAMENTO ZONA 14, ECHO","$ 2,500 VER DETALLES","Zona 14, *Guatemala, Ciudad",https://mapainmueble.com/properties/alquiler-apartamento-zona-14-echo-daa43704/,Dormitorios: 2,Ba√±os: 2.5,Tama√±o de la propiedad: 146 m2
APARTAMENTO EN RENTA ZONA 14,"$ 2,200","Zona 14, *Guatemala, Ciudad",https://mapainmueble.com/properties/apartamento-en-renta-zona-14-daa43639/,Dormitorios: 2,Ba√±os: 2.5,Tama√±o de la propiedad: 295 m2
"Apartamento en renta en Tadeus, zona 14.","$ 2,800","Zona 14, *Guatemala, Ciudad",https://mapainmueble.com/properties/apartamento-en-renta-en-tadeus-zona-14-daa43636/,Dormitorios: 2,Ba√±os: 2.5,Tama√±o de la propiedad: 295 m2
Apartamento en Renta Zona 14,"$ 2,200 USD","Zona 14, *Guatemala, Ciudad",https://mapainmueble.com/properties/apartamento-en-renta-zona-14-daa43631/,Dormitorios: 2,Ba√±os: 2.5,Tama√±o de la propiedad: 295 m2
APARTAMENTO EN RENTA TADEUS ZONA 14,"$ 2,200","Zona 14, *Guatemala, Ciudad",https://mapainmueble.com/properties/apartamento-en-renta-tadeus-zona-14-daa43629/,Dormitorios: 2,Ba√±os: 2.5,Tama√±o de la propiedad: 295 m2
RENTA APARTAMENTO BENEVENTO,$ 900 AMOBLADO,"Zona 14, *Guatemala, Ciudad",https://mapainmueble.com/properties/renta-apartamento-benevento-daa43626/,Dormitorios: 1,Ba√±os: 1,Tama√±o de la propiedad: 96 m2
Apartamento en ECHO zona 14,"$ 2,500 mant incluido + iva","Zona 14, *Guatemala, Ciudad",https://mapainmueble.com/properties/apartamento-en-echo-zona-14-daa43616/,Dormitorios: 2,Ba√±os: 2.5,Tama√±o de la propiedad: 145 m2
Apartamento en Renta y Venta Zona 14,"$ 2,500","Zona 14, *Guatemala, Ciudad",https://mapainmueble.com/properties/apartamento-en-renta-y-venta-zona-14-daa43607/,Dormitorios: 2,Ba√±os: 2.5,Tama√±o de la propiedad: 146 m2
Apartamento Amueblado en Renta Zona 14 codig...,$ 900,"Zona 14, *Guatemala, Ciudad",https://mapainmueble.com/properties/apartamento-amueblado-en-renta-zona-14-codigoca34654-caa13491/,Dormitorios: 2,Ba√±os: 1,Tama√±o de la propiedad: 70 m2
Apartamento en renta zona 14 √Årea de Las Am√©...,"$ 2,200","Zona 14, *Guatemala, Ciudad",https://mapainmueble.com/properties/apartamento-en-renta-zona-14-area-de-las-americas-daa43589/,Dormitorios: 2,Ba√±os: 2.5,Tama√±o de la propiedad: 160 m2
Apartamento en renta zona 14 √Årea de Las Am√©...,"$ 2,200","Zona 14, *Guatemala, Ciudad",https://mapainmueble.com/properties/apartamento-en-renta-zona-14-area-de-las-americas-daa43589/,Dormitorios: 2,Ba√±os: 2.5,Tama√±o de la propiedad: 160 m2
Apartamento Amueblado en renta zona 14 Tiffa...,"$ 1,850","Zona 14, *Guatemala, Ciudad",https://mapainmueble.com/properties/apartamento-amueblado-en-renta-zona-14-tiffany-5taavenida-daa43586/,Dormitorios: 2,Ba√±os: 2,Tama√±o de la propiedad: 125 m2
Apartamento en Zona 14 en Renta,"$ 2,200","Zona 14, *Guatemala, Ciudad",https://mapainmueble.com/properties/apartamento-en-zona-14-en-renta-daa43582/,Dormitorios: 2,Ba√±os: 2.5,Tama√±o de la propiedad: 195 m2
APARTAMENTO EN ALQUILER PARQUE 14,"$ 1,200","Zona 14, *Guatemala, Ciudad",https://mapainmueble.com/properties/apartamento-en-alquiler-parque-14-daa43570/,Dormitorios: 3,Ba√±os: 2,Tama√±o de la propiedad: 102 m2
Apto en renta en SANTA IN√âS DEL PARQUE zona ...,"$ 2,200 mas iva","Zona 14, *Guatemala, Ciudad",https://mapainmueble.com/properties/apto-en-renta-en-santa-ines-del-parque-zona-14-daa43567/,Dormitorios: 2,Ba√±os: 2.5,Tama√±o de la propiedad: 160 m2
APARTAMENTO EN RENTA ZONA 14,"$ 2,200","Zona 14, *Guatemala, Ciudad",https://mapainmueble.com/properties/apartamento-en-renta-zona-14-daa43564/,Dormitorios: 2,Ba√±os: 2.5,Tama√±o de la propiedad: 160 m2
RENTO APTO 2 HAB Z.14 EDIF. SANTORINI EUROPL...,$ 750 800,"Zona 14, *Guatemala, Ciudad",https://mapainmueble.com/properties/rento-apto-2-hab-z14-edif-santorini-europlaza-ref6716-92m2-2-hab-2-banos-2-parqueos-linea-blanca-750-caa13484/,Dormitorios: 2,Ba√±os: 2,Tama√±o de la propiedad: 96 m2
"Alquiler de apartamento de 3 dormitorios, At...","$ 1,625","Zona 14, *Guatemala, Ciudad",https://mapainmueble.com/properties/alquiler-de-apartamento-de-3-dormitorios-attica-zona-14-daa42956/,Dormitorios: 3,Ba√±os: 3,Tama√±o de la propiedad: 139 m2
Se renta incre√≠ble Pent House en AVITA zona ...,"$ 7,500","Zona 14, *Guatemala, Ciudad",https://mapainmueble.com/properties/se-renta-increible-pent-house-en-avita-zona-14-daa43560/,Dormitorios: 4,Ba√±os: 5,Tama√±o de la propiedad: 809 m2
Apartamento en Renta zona 14 la Villa,"$ 1,000","Zona 14, *Guatemala, Ciudad",https://mapainmueble.com/properties/apartamento-en-renta-zona-14-la-villa-daa43557/,Dormitorios: 2,Ba√±os: 2,Tama√±o de la propiedad: 106 m2
Apartamento amueblado en Renta Zona 14,"$ 1,800","Zona 14, *Guatemala, Ciudad",https://mapainmueble.com/properties/apartamento-amueblado-en-renta-zona-14-daa43545/,Dormitorios: 2,Ba√±os: 2.5,No especificado
Apartamento en alquiler amueblado zona 14,$ 900,"Zona 14, *Guatemala, Ciudad",https://mapainmueble.com/properties/apartamento-en-alquiler-amueblado-zona-14-daa43541/,Dormitorios: 2,Ba√±os: 2,Tama√±o de la propiedad: 120 m2
Zona 14 cerca Europlaza,$ 875 con  iva y mantenimiento,"Zona 14, *Guatemala, Ciudad",https://mapainmueble.com/properties/zona-14-cerca-europlaza-daa43533/,Dormitorios: 1,Ba√±os: 1,Tama√±o de la propiedad: 72 m2
Apartamento en Garces De La Villa  La villa ...,$ 805 DOLARES,"Zona 14, *Guatemala, Ciudad",https://mapainmueble.com/properties/apartamento-en-garces-de-la-villa-la-villa-zona-14-de-3-habitaciones-agt1888-daa27200/,Dormitorios: 3,Ba√±os: 2,Tama√±o de la propiedad: 89 m2
EN VENTA O RENTA  APARTAMENTO DE 3 HABITACIO...,"$ 1,150 mantenimiento incluido","Zona 14, *Guatemala, Ciudad",https://mapainmueble.com/properties/en-venta-o-renta-apartamento-de-3-habitaciones-en-la-villa-zona-14-daa43530/,Dormitorios: 3,Ba√±os: 2,Tama√±o de la propiedad: 88 m2
Apartamento en Renta en Santa In√©s del Parqu...,"$ 2,200","Zona 14, *Guatemala, Ciudad",https://mapainmueble.com/properties/apartamento-en-renta-en-santa-ines-del-parque-zona-14-daa43526/,Dormitorios: 2,Ba√±os: 2,Tama√±o de la propiedad: 159 m2
Renta de Apartamento amueblado en zona 14,"$ 1,100","Zona 14, *Guatemala, Ciudad",https://mapainmueble.com/properties/renta-de-apartamento-amueblado-en-zona-14-daa43516/,Dormitorios: 2,Ba√±os: 2,Tama√±o de la propiedad: 90 m2
"Apartamento en alquiler, Edificio Antiguo, z...","$ 1,000","Zona 14, *Guatemala, Ciudad",https://mapainmueble.com/properties/apartamento-en-alquiler-edificio-antiguo-zona-14-caa13474/,Dormitorios: 2,Ba√±os: 2.5,Tama√±o de la propiedad: 175 m2
Apartamento amueblado en renta Edificio zona...,$ 950,"Zona 14, *Guatemala, Ciudad",https://mapainmueble.com/properties/apartamento-amueblado-en-renta-edificio-zona-14-daa43494/,Dormitorios: 1,Ba√±os: 1.5,No especificado
Apartamento elegante Edif Villa Risho zona 1...,"$ 2,200 Mas iva","Zona 14, *Guatemala, Ciudad",https://mapainmueble.com/properties/apartamento-elegante-edif-villa-risho-zona-14-daa43492/,Dormitorios: 2,Ba√±os: 2.5,Tama√±o de la propiedad: 200 m2
Apartamento amueblado en Zona 14,$ 875,"Zona 14, *Guatemala, Ciudad",https://mapainmueble.com/properties/apartamento-amueblado-en-zona-14-daa43484/,Dormitorios: 1,Ba√±os: 1,Tama√±o de la propiedad: 72 m2
"zona 14, apartamento amueblado",$ 900,"Zona 14, *Guatemala, Ciudad",https://mapainmueble.com/properties/zona-14-apartamento-amueblado-daa43478/,Dormitorios: 2,Ba√±os: 1,Tama√±o de la propiedad: 70 m2
VENTA /RENTA AMPLIO APARTAMENTO AMUEBLADO,"$ 2,200 + IVA","Zona 14, *Guatemala, Ciudad",https://mapainmueble.com/properties/amplio-apartamento-amueblado-daa43476/,Dormitorios: 3,Ba√±os: 2.5,Tama√±o de la propiedad: 249 m2
APARTAMENTO AMUEBLADO 5TA AVE ZONA 14 DE 1 H...,"$ 1,000","Zona 14, *Guatemala, Ciudad",https://mapainmueble.com/properties/apartamento-amueblado-5ta-ave-zona-14-de-1-hab-agt2493-daa43473/,Dormitorios: 1,Ba√±os: 2,Tama√±o de la propiedad: 100 m2
Apartamento amueblado en renta zona 14 / Cob...,$ 875,"Zona 14, *Guatemala, Ciudad",https://mapainmueble.com/properties/apartamento-amueblado-en-renta-zona-14-cobella-daa43451/,Dormitorios: 1,Ba√±os: 1,Tama√±o de la propiedad: 72 m2
"Hermoso apartamento en alquiler, Aoki, Zona ...",$ 775,"Zona 14, *Guatemala, Ciudad",https://mapainmueble.com/properties/hermoso-apartamento-en-alquiler-aoki-zona-14-caa13440/,Dormitorios: 1,Ba√±os: 1.5,No especificado
"Apartamento en Alquiler Edificio Cobella, zo...",$ 875,"Zona 14, *Guatemala, Ciudad",https://mapainmueble.com/properties/apartamento-en-alquiler-edificio-cobella-zona-14-n4-en-directo-02-DAA31487/,Dormitorios: 1,Ba√±os: 1,Tama√±o de la propiedad: 72 m2
Apartamento Amoblado en Renta en zona 14,"$ 1,250","Zona 14, *Guatemala, Ciudad",https://mapainmueble.com/properties/apartamento-amoblado-en-renta-en-zona-14-daa43442/,Dormitorios: 2,Ba√±os: 2,Tama√±o de la propiedad: 106 m2
"Apartamento en renta, 3 habitaciones en Segh...","$ 1,400 Mantenimiento incluido","Zona 14, *Guatemala, Ciudad",https://mapainmueble.com/properties/apartamento-en-renta-3-habitaciones-en-segheria-zona-14-la-villa-daa43430/,Dormitorios: 3,Ba√±os: 2.5,Tama√±o de la propiedad: 136 m2
"Apartamento en Tiffany Ca√±ada, Zona 14","$ 3,200 M√°s mantenimiento e IVA","Zona 14, *Guatemala, Ciudad",https://mapainmueble.com/properties/apartamento-en-tiffany-canada-zona-14-daa43390/,Dormitorios: 3,Ba√±os: 2.5,Tama√±o de la propiedad: 203 m2
Apartamento en renta zona 14 ‚Äì √Åttica,"$ 1,250 +iva+mant","Zona 14, *Guatemala, Ciudad",https://mapainmueble.com/properties/apartamento-en-renta-zona-14-attica-daa43387/,Dormitorios: 3,Ba√±os: 2.5,Tama√±o de la propiedad: 139 m2
"Hermoso apartamento en alquiler, Pac√≠fica Pl...","$ 2,000","Zona 14, *Guatemala, Ciudad",https://mapainmueble.com/properties/hermoso-apartamento-en-alquiler-pacifica-plaza-zona-14-caa13425/,Dormitorios: 4,Ba√±os: 2.5,No especificado
"Apartamento en Renta en Edificio Attica II, ...","$ 1,250 $","Zona 14, *Guatemala, Ciudad",https://mapainmueble.com/properties/apartamento-en-renta-en-edificio-attica-ii-zona-14-ciudad-de-guatemala-caa13424/,Dormitorios: 3,Ba√±os: 2.5,Tama√±o de la propiedad: 139 m2
Tiffany Ca√±ada 3 habitaciones,"$ 3,565 mant incluido + iva","Zona 14, *Guatemala, Ciudad",https://mapainmueble.com/properties/tiffany-canada-3-habitaciones-daa43380/,Dormitorios: 3,Ba√±os: 2.5,Tama√±o de la propiedad: 202 m2
LOFT EN RENTA EDIFICIO AOKI ZONA 14,"$ 1,500","Zona 14, *Guatemala, Ciudad",https://mapainmueble.com/properties/loft-en-renta-edificio-aoki-zona-14-daa43379/,Dormitorios: 2,Ba√±os: 2,Tama√±o de la propiedad: 105 m2
Apartamento en alquiler Terra Delfines zona ...,$ 850,"Zona 14, *Guatemala, Ciudad",https://mapainmueble.com/properties/apartamento-en-alquiler-terra-delfines-zona-14-sector-la-villa-daa43375/,Dormitorios: 2,Ba√±os: 2,Tama√±o de la propiedad: 54 m2
Apartamento en renta zona 14 / Attica II,"$ 1,475","Zona 14, *Guatemala, Ciudad",https://mapainmueble.com/properties/apartamento-en-renta-zona-14-attica-ii-daa43361/,Dormitorios: 3,Ba√±os: 2.5,Tama√±o de la propiedad: 139 m2
"Hermoso apartamento en alquiler, Pacifica Pl...","$ 1,100","Zona 14, *Guatemala, Ciudad",https://mapainmueble.com/properties/hermoso-apartamento-en-alquiler-pacifica-plaza-zona-14-caa13423/,Dormitorios: 2,Ba√±os: 2,No especificado
"Apartamento en renta RIALTO, zona 14 (D)","$ 1,500 Mant. Incluido + iva","Zona 14, *Guatemala, Ciudad",https://mapainmueble.com/properties/apartamento-en-renta-rialto-zona-14-d-daa42654/,Dormitorios: 1,Ba√±os: 1.5,Tama√±o del lote del Inmueble: 10 m2
"Zona 14, alquilo apartamento de 3 habitacion...","$ 1,480 mas IVA","Zona 14, *Guatemala, Ciudad",https://mapainmueble.com/properties/zona-14-alquilo-apartamento-de-3-habitaciones-daa43353/,Dormitorios: 3,Ba√±os: 2.5,Tama√±o de la propiedad: 139 m2
Apartamento en alquiler en exclusivo sector ...,"$ 3,900","Zona 14, *Guatemala, Ciudad",https://mapainmueble.com/properties/apartamento-en-alquiler-en-exclusivo-sector-zona-14-daa43351/,Dormitorios: 3,Ba√±os: 3.5,Tama√±o de la propiedad: 415 m2
Apartamento en renta en Condado La Villa 2 h...,$ 750,"Zona 14, *Guatemala, Ciudad",https://mapainmueble.com/properties/apartamento-en-renta-en-condado-la-villa-2-habitaciones-daa43342/,Dormitorios: 2,Ba√±os: 2,Tama√±o de la propiedad: 88 m2
APARTAMENTO EN RENTA CON MUEBLES EN ZONA 14,"$ 1,250","Zona 14, *Guatemala, Ciudad",https://mapainmueble.com/properties/apartamento-en-renta-con-muebles-en-zona-14-daa43337/,Dormitorios: 2,Ba√±os: 2,Tama√±o del lote del Inmueble: 10 m2
Apartamento amueblado y equipado en alquiler...,"$ 3,000","Zona 14, *Guatemala, Ciudad",https://mapainmueble.com/properties/apartamento-amueblado-y-equipado-en-alquiler-edificio-villa-risho-zona-14-CAA12097/,Dormitorios: 2,Ba√±os: 2.5,Tama√±o de la propiedad: 325 m2
"Apartamento en Alquiler, Edificio Attica 2, ...","$ 1,600 incluye mantenimiento","Zona 14, *Guatemala, Ciudad",https://mapainmueble.com/properties/apartamento-en-alquiler-edificio-attica-2-zona-14-caa6536/,Dormitorios: 3,Ba√±os: 2.5,Tama√±o de la propiedad: 193 m2
"Apartamento en alquiler, Edificio Vivaldi, z...","$ 1,500","Zona 14, *Guatemala, Ciudad",https://mapainmueble.com/properties/apartamento-en-alquiler-edificio-vivaldi-zona-14-CAA12214/,Dormitorios: 3,Ba√±os: 2.5,Tama√±o de la propiedad: 175 m2
"RENTO APARTAMENTO ZONA 14, SANTA INES","$ 3,200","Zona 14, *Guatemala, Ciudad",https://mapainmueble.com/properties/rento-apartamento-zona-14-santa-ines-caa13416/,Dormitorios: 3,Ba√±os: 3,Tama√±o de la propiedad: 250 m2
"Apartamento en Edificio Atenas, Zona 14","$ 2,800","Zona 14, *Guatemala, Ciudad",https://mapainmueble.com/properties/apartamento-en-edificio-atenas-zona-14-daa43321/,Dormitorios: 2,Ba√±os: 3.5,Tama√±o de la propiedad: 240 m2
Zona 14 ‚Ä¢ Apartamento en renta ‚Ä¢ Edificio Be...,"$ 1,100 3 habitaciones","Zona 14, *Guatemala, Ciudad",https://mapainmueble.com/properties/zona-14-apartamento-en-renta-edificio-be14-amueblado-y-equipado-daa43317/,Dormitorios: 3,Ba√±os: 2,Tama√±o de la propiedad: 96 m2
Apartamento amueblado en renta zona 14,"$ 1,600","Zona 14, *Guatemala, Ciudad",https://mapainmueble.com/properties/apartamento-amueblado-en-renta-zona-14-daa43309/,Dormitorios: 1,Ba√±os: 1.5,Tama√±o de la propiedad: 80 m2
Apartamento en renta en Zona 14 Edificio San...,$ 800,"Zona 14, *Guatemala, Ciudad",https://mapainmueble.com/properties/apartamento-en-renta-en-zona-14-edificio-santorini-europlaa-caa13410/,Dormitorios: 2,Ba√±os: 2,No especificado
APARTAMENTO EN RENTA AREA DEL CC. LA NORIA,"$ 1,250","Zona 14, *Guatemala, Ciudad",https://mapainmueble.com/properties/apartamento-en-renta-area-del-cc-la-noria-daa43291/,Dormitorios: 3,Ba√±os: 2.5,Tama√±o de la propiedad: 139 m2
Apartamento en Renta zona 14/ Santa In√©s del...,"$ 2,200","Zona 14, *Guatemala, Ciudad",https://mapainmueble.com/properties/apartamento-en-renta-zona-14-santa-ines-del-parque-daa43276/,Dormitorios: 2,Ba√±os: 2.5,Tama√±o de la propiedad: 153 m2
Exclusivo  apartamento  en renta zona 14,"$ 3,200 M√°s iva m√°s mantenimiento","Zona 14, *Guatemala, Ciudad",https://mapainmueble.com/properties/exclusivo-apartamento-en-renta-zona-14-caa13397/,Dormitorios: 3,Ba√±os: 2.5,Tama√±o de la propiedad: 203 m2
Zona 14 ‚Ä¢ Apartamento en renta ‚Ä¢ Edificio Be...,"$ 1,100 3 habitaciones","Zona 14, *Guatemala, Ciudad",https://mapainmueble.com/properties/zona-14-apartamento-en-renta-edificio-be14-amueblado-y-equipado-daa43317/,Dormitorios: 3,Ba√±os: 2,Tama√±o de la propiedad: 96 m2
Apartamento amueblado en renta zona 14,"$ 1,600","Zona 14, *Guatemala, Ciudad",https://mapainmueble.com/properties/apartamento-amueblado-en-renta-zona-14-daa43309/,Dormitorios: 1,Ba√±os: 1.5,Tama√±o de la propiedad: 80 m2
Apartamento en renta en Zona 14 Edificio San...,$ 800,"Zona 14, *Guatemala, Ciudad",https://mapainmueble.com/properties/apartamento-en-renta-en-zona-14-edificio-santorini-europlaa-caa13410/,Dormitorios: 2,Ba√±os: 2,No especificado
APARTAMENTO EN RENTA AREA DEL CC. LA NORIA,"$ 1,250","Zona 14, *Guatemala, Ciudad",https://mapainmueble.com/properties/apartamento-en-renta-area-del-cc-la-noria-daa43291/,Dormitorios: 3,Ba√±os: 2.5,Tama√±o de la propiedad: 139 m2
Apartamento en Renta zona 14/ Santa In√©s del...,"$ 2,200","Zona 14, *Guatemala, Ciudad",https://mapainmueble.com/properties/apartamento-en-renta-zona-14-santa-ines-del-parque-daa43276/,Dormitorios: 2,Ba√±os: 2.5,Tama√±o de la propiedad: 153 m2
Exclusivo  apartamento  en renta zona 14,"$ 3,200 M√°s iva m√°s mantenimiento","Zona 14, *Guatemala, Ciudad",https://mapainmueble.com/properties/exclusivo-apartamento-en-renta-zona-14-caa13397/,Dormitorios: 3,Ba√±os: 2.5,Tama√±o de la propiedad: 203 m2
Attica 1 zona 14  2 habitaciones,"$ 1,150 mant incluido + iva","Zona 14, *Guatemala, Ciudad",https://mapainmueble.com/properties/attica-1-zona-14-3-habitaciones-daa43265/,Dormitorios: 2,Ba√±os: 2.5,Tama√±o de la propiedad: 139 m2
Apartamento en zona 14,"$ 3,200","Zona 14, *Guatemala, Ciudad",https://mapainmueble.com/properties/apartamento-en-zona-14-daa43261/,Dormitorios: 3,Ba√±os: 2,Tama√±o de la propiedad: 406 m2
"APARTAMENTO EN RENTA EN ZONA 14, EDIFICIO AT...","$ 1,250","Zona 14, *Guatemala, Ciudad",https://mapainmueble.com/properties/apartamento-en-renta-en-zona-14-edificio-attica-2-daa43260/,Dormitorios: 3,Ba√±os: 2,Tama√±o de la propiedad: 136 m2
Se renta hermoso depto en Zona 14!!,"$ 1,625","Zona 14, *Guatemala, Ciudad",https://mapainmueble.com/properties/se-renta-hermoso-depto-en-zona-14-daa43252/,Dormitorios: 3,Ba√±os: 2.5,Tama√±o de la propiedad: 139 m2
Apto tipo loft zona 14 Edificio Torre√≥n,$ 865,"Zona 14, *Guatemala, Ciudad",https://mapainmueble.com/properties/apto-tipo-loft-zona-14-edificio-torreon-daa43246/,Dormitorios: 1,Ba√±os: 1,Tama√±o de la propiedad: 100 m2
Apartamento amueblado en renta zona 14,"$ 1,150","Zona 14, *Guatemala, Ciudad",https://mapainmueble.com/properties/apartamento-amueblado-en-renta-zona-14-daa43241/,Dormitorios: 2,Ba√±os: 2,Tama√±o de la propiedad: 104 m2
Rento Apartamento amplio en Reserva 5ta. zon...,"$ 2,250","Zona 14, *Guatemala, Ciudad",https://mapainmueble.com/properties/rento-apartamento-amplio-en-reserva-5ta-zona-14-daa43234/,Dormitorios: 3,Ba√±os: 2,Tama√±o de la propiedad: 121 m2
Rento Apartamento amplio en Reserva 5ta. zon...,"$ 2,250","Zona 14, *Guatemala, Ciudad",https://mapainmueble.com/properties/rento-apartamento-amplio-en-reserva-5ta-zona-14-daa43234-2/,Dormitorios: 3,Ba√±os: 2,Tama√±o de la propiedad: 121 m2
ALQUILO APARTAMENTO AMUEBLADO EN ZONA 14 CON...,"$ 1,250","Zona 14, *Guatemala, Ciudad",https://mapainmueble.com/properties/alquilo-apartamento-amueblado-en-zona-14-con-dos-dormitorios-daa43225/,Dormitorios: 2,Ba√±os: 2,No especificado
Apartamento en Alquiler 3 habitaciones Zona ...,"$ 1,635","Zona 14, *Guatemala, Ciudad",https://mapainmueble.com/properties/apartamento-en-alquiler-3-habitaciones-zona-14-daa43209/,Dormitorios: 3,Ba√±os: 2.5,Tama√±o de la propiedad: 139 m2
Alquiler de c√≥modo y c√©ntrico Apartamento de...,$ 950,"Zona 14, *Guatemala, Ciudad",https://mapainmueble.com/properties/alquiler-de-comodo-y-centrico-apartamento-de-2-dorms-zona-14-daa43190/,Dormitorios: 2,Ba√±os: 2,Tama√±o de la propiedad: 110 m2
APARTAMENTO AMUEBLADO EN RENTA ATTICA ZONA 1...,"$ 1,650","Zona 14, *Guatemala, Ciudad",https://mapainmueble.com/properties/apartamento-amueblado-en-renta-attica-zona-14-daa43189/,Dormitorios: 3,Ba√±os: 3,No especificado
"ALQUILO APARTAMENTO AMUEBLADO, ZONA 14","$ 1,350 Disponible","Zona 14, *Guatemala, Ciudad",https://mapainmueble.com/properties/alquilo-apartamento-amueblado-zona-14-daa43164/,Dormitorios: 3,Ba√±os: 2.5,Tama√±o de la propiedad: 120 m2
ALQUILO APARTAMENTO EN ZONA 14  PACIFICA PLA...,"$ 2,000","Zona 14, *Guatemala, Ciudad",https://mapainmueble.com/properties/alquilo-apartamento-en-zona-14-pacifica-plaza-daa43157/,Dormitorios: 4,Ba√±os: 3.5,Tama√±o de la propiedad: 249 m2
ALQUILO APARTAMENTO EN ZONA 14  PACIFICA PLA...,"$ 2,000","Zona 14, *Guatemala, Ciudad",https://mapainmueble.com/properties/alquilo-apartamento-en-zona-14-pacifica-plaza-daa43157/,Dormitorios: 4,Ba√±os: 3.5,Tama√±o de la propiedad: 249 m2
Alquilo apartamento amueblado Z. 14,"$ 1,600 M√°s IVA si se requiere","Zona 14, *Guatemala, Ciudad",https://mapainmueble.com/properties/alquilo-apartamento-amueblado-z-14-caa13368/,Dormitorios: 2,Ba√±os: 3,Tama√±o de la propiedad: 165 m2
APARTAMENTO AVENIDA LAS AMERICAS ZONA 14 DE ...,$ 875,"Zona 14, *Guatemala, Ciudad",https://mapainmueble.com/properties/apartamento-avenida-las-americas-zona-14-de-1-hab-agt1850-daa43152/,Dormitorios: 1,Ba√±os: 1,Tama√±o de la propiedad: 100 m2
MARQU√âS ZONA 14 APTO AMUEBLADO RENTA,"$ 1,700 USD","Zona 14, *Guatemala, Ciudad",https://mapainmueble.com/properties/marques-zona-14-apto-amueblado-renta-daa43140/,Dormitorios: 2,Ba√±os: 2.5,Tama√±o de la propiedad: 125 m2
"ALQUILO APARTAMENTO ZONA 14 LA VILLA, EDIFIC...",$ 990,"Zona 14, *Guatemala, Ciudad",https://mapainmueble.com/properties/apartamento-en-renta-zona-14-la-villa-edificio-be14-nivel-4-daa43133/,Dormitorios: 3,Ba√±os: 2,Tama√±o de la propiedad: 88 m2
Apartamento amueblado en renta zona 14 la Vi...,$ 900,"Zona 14, *Guatemala, Ciudad",https://mapainmueble.com/properties/apartamento-amueblado-en-renta-zona-14-la-villa-benevento-daa43123/,Dormitorios: 1,Ba√±os: 1.5,Tama√±o de la propiedad: 144 m2
Apartamento en renta zona 14 / Reserva 14,"$ 2,200","Zona 14, *Guatemala, Ciudad",https://mapainmueble.com/properties/apartamento-en-renta-zona-14-reserva-14-daa43102/,Dormitorios: 3,Ba√±os: 2.5,Tama√±o de la propiedad: 125 m2
Apartamento en renta zona 14 / Real de las A...,$ 875,"Zona 14, *Guatemala, Ciudad",https://mapainmueble.com/properties/apartamento-en-renta-zona-14-real-de-las-americas-daa43100/,Dormitorios: 2,Ba√±os: 2,Tama√±o de la propiedad: 97 m2
Moderno y elegante apartamento en zona 14,"$ 1,900 Mantenimiento inclu√≠do","Zona 14, *Guatemala, Ciudad",https://mapainmueble.com/properties/moderno-y-elegante-apartamento-en-zona-14-daa43095/,Dormitorios: 2,Ba√±os: 2.5,Tama√±o de la propiedad: 117 m2
Apartamento amueblado en zona 14,"$ 2,000","Zona 14, *Guatemala, Ciudad",https://mapainmueble.com/properties/apartamento-amueblado-en-zona-14-daa43092/,Dormitorios: 3,Ba√±os: 3,Tama√±o de la propiedad: 248 m2
Alquiler o Venta Edificio antiguo zona 14,$ 975 .,"Zona 14, *Guatemala, Ciudad",https://mapainmueble.com/properties/alquiler-o-venta-edificio-antiguo-zona-14-daa43078/,Dormitorios: 2,Ba√±os: 2,Tama√±o del lote del Inmueble: 10 m2
Apartamento amueblado en renta en zona 14,"$ 1,500","Zona 14, *Guatemala, Ciudad",https://mapainmueble.com/properties/apartamento-amueblado-en-renta-daa43064/,Dormitorios: 1,Ba√±os: 1.5,Tama√±o de la propiedad: 96 m2
Se Alquila Apto. Amueblado Marques del Valle...,"$ 1,700","Zona 14, *Guatemala, Ciudad",https://mapainmueble.com/properties/se-alquila-apto-amueblado-marques-del-valle-zona-14-daa43055/,Dormitorios: 2,Ba√±os: 2.5,No especificado
"Apartamento en Alquiler Zona 14, 3 Habitacio...","$ 5,600 dls","Zona 14, *Guatemala, Ciudad",https://mapainmueble.com/properties/apartamento-en-alquiler-zona-14-3-habitaciones-daa43053/,Dormitorios: 3,Ba√±os: 3.5,Tama√±o de la propiedad: 304 m2
"Apartamento en Alquiler Zona 14, 3 Habitacio...","$ 1,950 dls","Zona 14, *Guatemala, Ciudad",https://mapainmueble.com/properties/apartamento-en-alquiler-zona-14-3-habitaciones-daa43051/,Dormitorios: 3,Ba√±os: 3,Tama√±o de la propiedad: 125 m2
"Apartamento en Alquiler Zona 14, 3 Habitacio...","$ 1,635 dls","Zona 14, *Guatemala, Ciudad",https://mapainmueble.com/properties/apartamento-en-alquiler-zona-14-3-habitaciones-daa43050/,Dormitorios: 3,Ba√±os: 2.5,Tama√±o de la propiedad: 139 m2
Apartamento en Alquiler Edificio Vila Catorc...,$ 770,"Zona 14, *Guatemala, Ciudad",https://mapainmueble.com/properties/apartamento-en-alquiler-edificio-vila-catorce-zona-14-n1-en-directo-01-DAA32335/,Dormitorios: 1,Ba√±os: 1.5,Tama√±o de la propiedad: 55 m2
Apartamento en Alquiler Edificio Vila Catorc...,$ 700,"Zona 14, *Guatemala, Ciudad",https://mapainmueble.com/properties/apartamento-en-alquiler-edificio-vila-catorce-zona-14-n7-en-directo-h-daa43043/,Dormitorios: 1,Ba√±os: 1,Tama√±o de la propiedad: 36 m2
"Apartamento en Renta, Zona 14",$ 925,"Zona 14, *Guatemala, Ciudad",https://mapainmueble.com/properties/apartamento-en-renta-zona-14-daa43028/,Dormitorios: 2,Ba√±os: 2,No especificado
"Apartamento en Renta, Zona 14","$ 3,700","Zona 14, *Guatemala, Ciudad",https://mapainmueble.com/properties/apartamento-en-renta-zona-14-daa43027/,Dormitorios: 3,Ba√±os: 5,No especificado
"Apartamento en Alquiler Edificio Attica II, ...","$ 1,500","Zona 14, *Guatemala, Ciudad",https://mapainmueble.com/properties/apartamento-en-alquiler-edificio-attica-ii-zona-14-n7-en-directo-02-daa35862/,Dormitorios: 2,Ba√±os: 2.5,Tama√±o de la propiedad: 193 m2
Apartamento en Renta Zona 14 codigo.CA34555,$ 950,"Zona 14, *Guatemala, Ciudad",https://mapainmueble.com/properties/apartamento-en-renta-zona-14-codigoca34555-caa13316/,Dormitorios: 1,Ba√±os: 1,Tama√±o de la propiedad: 64 m2
EDIFICIO VIVALDI AMUEBLADO,"$ 1,250","Zona 14, *Guatemala, Ciudad",https://mapainmueble.com/properties/edificio-vivaldi-amueblado-caa13305/,Dormitorios: 2,Ba√±os: 2,Tama√±o de la propiedad: 106 m2
"Apartamento en Alquiler  Edificio Attica II,...","$ 1,500","Zona 14, *Guatemala, Ciudad",https://mapainmueble.com/properties/apartamento-en-alquiler-edificio-attica-ii-zona-14-daa42995/,Dormitorios: 2,Ba√±os: 2.5,Tama√±o de la propiedad: 193 m2
Apartamento en Alquiler Vistana Zona 14,"$ 2,200","Zona 14, *Guatemala, Ciudad",https://mapainmueble.com/properties/apartamento-en-alquiler-vistana-zona-14-daa42993/,Dormitorios: 3,Ba√±os: 3.5,Tama√±o de la propiedad: 169 m2
Apartamento en Alquiler en Santa In√©s del Pa...,"$ 2,200 + IVA","Zona 14, *Guatemala, Ciudad",https://mapainmueble.com/properties/apartamento-en-alquiler-en-santa-ines-del-parque-daa42992/,Dormitorios: 2,Ba√±os: 2.5,Tama√±o de la propiedad: 151 m2
APARTAMENTO AMUEBLADO ZONA 14 EDIFICIO ELGIN,$ 850,"Zona 14, *Guatemala, Ciudad",https://mapainmueble.com/properties/apartamento-amueblado-zona-14-edificio-elgin-daa42801/,Dormitorios: 2,Ba√±os: 1,Tama√±o de la propiedad: 85 m2
APARTAMENTO EN ALQUILER AMUEBLADO EN ZONA 14,$ 900,"Zona 14, *Guatemala, Ciudad",https://mapainmueble.com/properties/apartamento-en-alquiler-en-zona-14-caa13289/,Dormitorios: 1,Ba√±os: 1,No especificado
Apartamento en renta zona 14 / Real de las A...,$ 875,"Zona 14, *Guatemala, Ciudad",https://mapainmueble.com/properties/apartamento-en-renta-zona-14-real-de-las-americas-daa42937/,Dormitorios: 2,Ba√±os: 2,Tama√±o de la propiedad: 97 m2
Apartamento en renta zona 14 / Attica II,"$ 1,475","Zona 14, *Guatemala, Ciudad",https://mapainmueble.com/properties/apartamento-en-renta-zona-14-attica-ii-daa42926/,Dormitorios: 3,Ba√±os: 2.5,Tama√±o de la propiedad: 139 m2
APARTAMENTO DE LUJO EN RENTA ZONA 14 DE LADO...,"$ 3,900","Zona 14, *Guatemala, Ciudad",https://mapainmueble.com/properties/apartamento-de-lujo-en-renta-zona-14-de-lado-de-las-americas-daa42919/,Dormitorios: 3,Ba√±os: 3.5,Tama√±o de la propiedad: 406 m2
APARTAMENTO EN LA VILLA A MINS DEL OBELISCO ...,$ 776,"Zona 14, *Guatemala, Ciudad",https://mapainmueble.com/properties/apartamento-en-la-villa-a-mins-del-obelisco-zona-14-de-1-hab-agt2024-daa42887/,Dormitorios: 1,Ba√±os: 1,Tama√±o de la propiedad: 36 m2
"Apartamento en Alquiler  Edificio Attica II,...","$ 1,500","Zona 14, *Guatemala, Ciudad",https://mapainmueble.com/properties/apartamento-en-alquiler-edificio-attica-ii-zona-14-daa42995/,Dormitorios: 2,Ba√±os: 2.5,Tama√±o de la propiedad: 193 m2
Apartamento en Alquiler Vistana Zona 14,"$ 2,200","Zona 14, *Guatemala, Ciudad",https://mapainmueble.com/properties/apartamento-en-alquiler-vistana-zona-14-daa42993/,Dormitorios: 3,Ba√±os: 3.5,Tama√±o de la propiedad: 169 m2
Apartamento en Alquiler en Santa In√©s del Pa...,"$ 2,200 + IVA","Zona 14, *Guatemala, Ciudad",https://mapainmueble.com/properties/apartamento-en-alquiler-en-santa-ines-del-parque-daa42992/,Dormitorios: 2,Ba√±os: 2.5,Tama√±o de la propiedad: 151 m2
APARTAMENTO AMUEBLADO ZONA 14 EDIFICIO ELGIN,$ 850,"Zona 14, *Guatemala, Ciudad",https://mapainmueble.com/properties/apartamento-amueblado-zona-14-edificio-elgin-daa42801/,Dormitorios: 2,Ba√±os: 1,Tama√±o de la propiedad: 85 m2
APARTAMENTO EN ALQUILER AMUEBLADO EN ZONA 14,$ 900,"Zona 14, *Guatemala, Ciudad",https://mapainmueble.com/properties/apartamento-en-alquiler-en-zona-14-caa13289/,Dormitorios: 1,Ba√±os: 1,No especificado
Apartamento en renta zona 14 / Real de las A...,$ 875,"Zona 14, *Guatemala, Ciudad",https://mapainmueble.com/properties/apartamento-en-renta-zona-14-real-de-las-americas-daa42937/,Dormitorios: 2,Ba√±os: 2,Tama√±o de la propiedad: 97 m2
Apartamento en renta zona 14 / Attica II,"$ 1,475","Zona 14, *Guatemala, Ciudad",https://mapainmueble.com/properties/apartamento-en-renta-zona-14-attica-ii-daa42926/,Dormitorios: 3,Ba√±os: 2.5,Tama√±o de la propiedad: 139 m2
APARTAMENTO DE LUJO EN RENTA ZONA 14 DE LADO...,"$ 3,900","Zona 14, *Guatemala, Ciudad",https://mapainmueble.com/properties/apartamento-de-lujo-en-renta-zona-14-de-lado-de-las-americas-daa42919/,Dormitorios: 3,Ba√±os: 3.5,Tama√±o de la propiedad: 406 m2
APARTAMENTO EN LA VILLA A MINS DEL OBELISCO ...,$ 776,"Zona 14, *Guatemala, Ciudad",https://mapainmueble.com/properties/apartamento-en-la-villa-a-mins-del-obelisco-zona-14-de-1-hab-agt2024-daa42887/,Dormitorios: 1,Ba√±os: 1,Tama√±o de la propiedad: 36 m2
Se Renta Apartamento en Vivaldi Zona 14,"$ 1,250","Zona 14, *Guatemala, Ciudad",https://mapainmueble.com/properties/se-renta-apartamento-en-vivaldi-zona-14-daa42807/,Dormitorios: 2,Ba√±os: 2,Tama√±o de la propiedad: 106 m2
Apartamento de 1 Habitaci√≥n en Renta en Be14...,$ 760,"Zona 14, *Guatemala, Ciudad",https://mapainmueble.com/properties/apartamento-de-1-habitacion-en-renta-en-be14-zona-14-daa42791/,Dormitorios: 1,Ba√±os: 1,Tama√±o de la propiedad: 41 m2
Townhouse en renta zona 14 La Ca√±ada,"$ 5,000 Mas iva mas mto","Zona 14, *Guatemala, Ciudad",https://mapainmueble.com/properties/townhouse-en-renta-zona-14-la-canada-caa13245/,Dormitorios: 4,Ba√±os: 4.5,Tama√±o de la propiedad: 350 m2
Apartamento en Renta Zona 14 codigo.DA34512,$ 625 IVA INCLUIDO,"Zona 14, *Guatemala, Ciudad",https://mapainmueble.com/properties/apartamento-en-renta-zona-14-codigoda34512-daa42774/,Dormitorios: 1,Ba√±os: 1,No especificado
Apartamento en Renta Zona 14 codigo.DA34512,$ 625 IVA INCLUIDO,"Zona 14, *Guatemala, Ciudad",https://mapainmueble.com/properties/apartamento-en-renta-zona-14-codigoda34512-daa42774/,Dormitorios: 1,Ba√±os: 1,No especificado
Rento Apartamento amueblado en zona 14 Ref-L...,"$ 1,600","Zona 14, *Guatemala, Ciudad",https://mapainmueble.com/properties/rento-apartamento-amueblado-en-zona-14-ref-l4518-caa13229/,Dormitorios: 3,Ba√±os: 2,Tama√±o de la propiedad: 125 m2
Lindo Apartamento en Renta en Zona 14,"$ 1,591 $","Zona 14, *Guatemala, Ciudad",https://mapainmueble.com/properties/lindo-apartamento-en-renta-en-zona-14-daa42751/,Dormitorios: 3,Ba√±os: 2,Tama√±o de la propiedad: 139 m2
"Apartamento en Renta, Zona 14","$ 1,650","Zona 14, *Guatemala, Ciudad",https://mapainmueble.com/properties/apartamento-en-renta-zona-14-daa42736/,Dormitorios: 3,Ba√±os: 2,No especificado
Alquilo apartamento Zona 14 Piemonte con dor...,"$ 1,000","Zona 14, *Guatemala, Ciudad",https://mapainmueble.com/properties/alquilo-apartamento-zona-14-piemonte-con-dormitorio-de-servicio-daa42723/,Dormitorios: 2,Ba√±os: 2,Tama√±o de la propiedad: 150 m2
Apartamento de 4 Habitaciones en Renta en Pa...,"$ 2,000","Zona 14, *Guatemala, Ciudad",https://mapainmueble.com/properties/apartamento-de-4-habitaciones-en-renta-en-pacifica-plaza-zona-14-daa42698/,Dormitorios: 4,Ba√±os: 3,Tama√±o de la propiedad: 244 m2
Apartamento Amueblado en Renta en zona 14 Se...,"$ 1,400","Zona 14, *Guatemala, Ciudad",https://mapainmueble.com/properties/apartamento-amueblado-en-renta-en-zona-14-sector-la-villa-daa42676/,Dormitorios: 3,Ba√±os: 2,No especificado
Apartamento en Alquiler 2 niveles en Avita z...,"$ 7,500","Zona 14, *Guatemala, Ciudad",https://mapainmueble.com/properties/apartamento-en-alquiler-2-niveles-en-avita-zona-14-daa42674/,Dormitorios: 4,Ba√±os: 4,Tama√±o de la propiedad: 809 m2
Apartamento amueblado en zona 14 c√≥digo 2196,"$ 1,900 Inlcuye mantenimiento","Zona 14, *Guatemala, Ciudad",https://mapainmueble.com/properties/apartamento-amueblado-en-zona-14-codigo-2196-daa42665/,Dormitorios: 2,Ba√±os: 2,Tama√±o de la propiedad: 162 m2
Apartamento en renta zona 14 / Reserva 14,"$ 2,200","Zona 14, *Guatemala, Ciudad",https://mapainmueble.com/properties/apartamento-en-renta-zona-14-reserva-14-daa42660/,Dormitorios: 3,Ba√±os: 2.5,Tama√±o de la propiedad: 125 m2
Apartamento en renta zona 14-amplio y exclus...,"$ 3,200 exclusivo!","Zona 14, *Guatemala, Ciudad",https://mapainmueble.com/properties/apartamento-en-renta-zona-14-amplio-y-exclusivo-daa42641/,Dormitorios: 3,Ba√±os: 3.5,Tama√±o de la propiedad: 406 m2
"Renta de apartamento en zona 14, 1 habitaci√≥...","$ 1,500","Zona 14, *Guatemala, Ciudad",https://mapainmueble.com/properties/renta-de-apartamento-en-zona-14-1-habitacion-daa42638/,Dormitorios: 1,Ba√±os: 1.5,Tama√±o de la propiedad: 96 m2
Apartamento en renta zona 14 por la Villa,"$ 1,300","Zona 14, *Guatemala, Ciudad",https://mapainmueble.com/properties/apartamento-en-renta-zona-14-por-la-villa-caa13210/,Dormitorios: 3,Ba√±os: 2.5,Tama√±o de la propiedad: 136 m2
"üìç*Apartamento en Renta Be14, Zona 14*","$ 6,500","Zona 14, *Guatemala, Ciudad",https://mapainmueble.com/properties/apartamento-en-renta-be14-zona-14-daa42631/,Dormitorios: 3,Ba√±os: 2,Tama√±o del lote del Inmueble: 10 m2
"Pacifica Plaza, Zona 14 / 4 Dormitorios","$ 2,000","Zona 14, *Guatemala, Ciudad",https://mapainmueble.com/properties/pacifica-plaza-zona-14-4-dormitorios-caa13200/,Dormitorios: 4,Ba√±os: 2.5,Tama√±o de la propiedad: 249 m2
Apartamento en alquiler de 3 habitaciones en...,"$ 1,350 Excelente precio","Zona 14, *Guatemala, Ciudad",https://mapainmueble.com/properties/apartamento-en-alquiler-de-3-habitaciones-en-z14-amueblado-daa42588/,Dormitorios: 3,Ba√±os: 2.5,Tama√±o del lote del Inmueble: 10 m2
"ALQUILO APAARTAMENTO EN ZONA 14, AMUEBLADO","$ 2,000 VENTA $450,000","Zona 14, *Guatemala, Ciudad",https://mapainmueble.com/properties/alquilo-apaartamento-en-zona-14-amueblado-daa42582/,Dormitorios: 4,Ba√±os: 2.5,Tama√±o de la propiedad: 249 m2
Amueblado zona 14 1 hab Ideal extranjeros qu...,"$ 1,000 mant incluido","Zona 14, *Guatemala, Ciudad",https://mapainmueble.com/properties/amueblado-zona-14-1-hab-daa42580/,Dormitorios: 1,Ba√±os: 1,Tama√±o de la propiedad: 85 m2
Apartamento en Venta    Edificio Vila Catorc...,"$ 1,200 Nuevo","Zona 14, *Guatemala, Ciudad",https://mapainmueble.com/properties/apartamento-en-venta-edificio-vila-catorce-zona-14-codigo-7541869-daa42512/,Dormitorios: 3,Ba√±os: 2,Tama√±o de la propiedad: 79 m2
"ALQUILER APARTAMENTO ZONA 14, LAS CONCHAS","$ 2,100 ver detalles","Zona 14, *Guatemala, Ciudad",https://mapainmueble.com/properties/alquiler-apartamento-zona-14-las-conchas-caa13162/,Dormitorios: 2,Ba√±os: 2,Tama√±o de la propiedad: 290 m2
Alquilo apartamento amueblado de 1 dormitori...,"$ 1,500 Incluye mant, m√°s IVA","Zona 14, *Guatemala, Ciudad",https://mapainmueble.com/properties/alquilo-apartamento-amueblado-de-1-dormitorio-en-zona-14-daa42508/,Dormitorios: 1,Ba√±os: 1.5,Tama√±o de la propiedad: 111 m2
Se renta apartamento muy centrico en zona 10,$ 790 MAR-1447,"Zona 14, *Guatemala, Ciudad",https://mapainmueble.com/properties/se-renta-apartamento-muy-centrico-en-zona-10-daa42595/,Dormitorios: 2,Ba√±os: 2,Tama√±o de la propiedad: 90 m2
En renta apartamento moderno en La Villa zon...,"$ 1,300 MAV-1433","Zona 14, *Guatemala, Ciudad",https://mapainmueble.com/properties/en-renta-apartamento-moderno-en-la-villa-zona-14-daa42593/,Dormitorios: 3,Ba√±os: 2.5,Tama√±o de la propiedad: 136 m2
Apartamento en Renta Zona 14 codigo.CA34484,$ 950,"Zona 14, *Guatemala, Ciudad",https://mapainmueble.com/properties/apartamento-en-renta-zona-14-codigoca34484-caa13201/,Dormitorios: 1,Ba√±os: 1,Tama√±o de la propiedad: 100 m2
"Pacifica Plaza, Zona 14 / 4 Dormitorios","$ 2,000","Zona 14, *Guatemala, Ciudad",https://mapainmueble.com/properties/pacifica-plaza-zona-14-4-dormitorios-caa13200/,Dormitorios: 4,Ba√±os: 2.5,Tama√±o de la propiedad: 249 m2
Apartamento en alquiler de 3 habitaciones en...,"$ 1,350 Excelente precio","Zona 14, *Guatemala, Ciudad",https://mapainmueble.com/properties/apartamento-en-alquiler-de-3-habitaciones-en-z14-amueblado-daa42588/,Dormitorios: 3,Ba√±os: 2.5,Tama√±o del lote del Inmueble: 10 m2
"ALQUILO APAARTAMENTO EN ZONA 14, AMUEBLADO","$ 2,000 VENTA $450,000","Zona 14, *Guatemala, Ciudad",https://mapainmueble.com/properties/alquilo-apaartamento-en-zona-14-amueblado-daa42582/,Dormitorios: 4,Ba√±os: 2.5,Tama√±o de la propiedad: 249 m2
Amueblado zona 14 1 hab Ideal extranjeros qu...,"$ 1,000 mant incluido","Zona 14, *Guatemala, Ciudad",https://mapainmueble.com/properties/amueblado-zona-14-1-hab-daa42580/,Dormitorios: 1,Ba√±os: 1,Tama√±o de la propiedad: 85 m2
Apartamento en Venta    Edificio Vila Catorc...,"$ 1,200 Nuevo","Zona 14, *Guatemala, Ciudad",https://mapainmueble.com/properties/apartamento-en-venta-edificio-vila-catorce-zona-14-codigo-7541869-daa42512/,Dormitorios: 3,Ba√±os: 2,Tama√±o de la propiedad: 79 m2
"ALQUILER APARTAMENTO ZONA 14, LAS CONCHAS","$ 2,100 ver detalles","Zona 14, *Guatemala, Ciudad",https://mapainmueble.com/properties/alquiler-apartamento-zona-14-las-conchas-caa13162/,Dormitorios: 2,Ba√±os: 2,Tama√±o de la propiedad: 290 m2
Alquilo apartamento amueblado de 1 dormitori...,"$ 1,500 Incluye mant, m√°s IVA","Zona 14, *Guatemala, Ciudad",https://mapainmueble.com/properties/alquilo-apartamento-amueblado-de-1-dormitorio-en-zona-14-daa42508/,Dormitorios: 1,Ba√±os: 1.5,Tama√±o de la propiedad: 111 m2
Apartamento Santorini,$ 900,"Zona 14, *Guatemala, Ciudad",https://mapainmueble.com/properties/apartamento-santorini-caa13153/,Dormitorios: 2,Ba√±os: 2,No especificado
Amplio apartamento amueblado de 4 dormitorio...,"$ 2,000 Incluye mant. m√°s IVA","Zona 14, *Guatemala, Ciudad",https://mapainmueble.com/properties/amplio-apartamento-amueblado-de-4-dormitorios-en-zona-14-daa42477/,Dormitorios: 4,Ba√±os: 2.5,Tama√±o de la propiedad: 273 m2
"Apartamento amueblado en Casa Rialto, zona 1...","$ 1,500","Zona 14, *Guatemala, Ciudad",https://mapainmueble.com/properties/apartamento-en-casa-rialto-8/,Dormitorios: 1,Ba√±os: 1.5,Tama√±o de la propiedad: 86 m2
Santorini A amueblado,$ 950 mant incluido,"Zona 14, *Guatemala, Ciudad",https://mapainmueble.com/properties/santorini-a-amueblado-daa42430/,Dormitorios: 2,Ba√±os: 3,Tama√±o de la propiedad: 96 m2
"Lindo apartamento en renta en Avenida Tres, ...","$ 1,650 mas iva","Zona 14, *Guatemala, Ciudad",https://mapainmueble.com/properties/lindo-apartamento-en-renta-en-avenida-tres-zona-14-daa42427/,Dormitorios: 2,Ba√±os: 2.5,Tama√±o de la propiedad: 134 m2
Se Renta Apartamento en Terra Delfines Zona ...,$ 800,"Zona 14, *Guatemala, Ciudad",https://mapainmueble.com/properties/se-renta-apartamento-en-terra-delfines-zona-14-daa42417/,Dormitorios: 2,Ba√±os: 2,Tama√±o de la propiedad: 89 m2
ALQUILER LUJOSO APARTAMENTO EDIFICIO TADEUS ...,"$ 3,200","Zona 14, *Guatemala, Ciudad",https://mapainmueble.com/properties/alquiler-lujoso-apartamento-edificio-tadeus-zona-14-caa13104/,Dormitorios: 3,Ba√±os: 3.5,Tama√±o de la propiedad: 406 m2
"ALQUILER APARTAMENTO ZONA 14, AMUEBLADO","$ 1,225 VER DETALLES","Zona 14, *Guatemala, Ciudad",https://mapainmueble.com/properties/alquiler-apartamento-zona-14-amueblado-daa42367/,Dormitorios: 2,Ba√±os: 2.5,Tama√±o de la propiedad: 106 m2
Apartamento en Alquiler Edificio Tadeus Zona...,"$ 3,584 M√°s mantenimiento","Zona 14, *Guatemala, Ciudad",https://mapainmueble.com/properties/apartamento-en-alquiler-edificio-tadeus-zona-14-codigo-8351689-daa42365/,Dormitorios: 3,Ba√±os: 3.5,Tama√±o de la propiedad: 406 m2
Zona 14 ‚Ä¢ Apartamento en renta ‚Ä¢ Edificio Pa...,"$ 1,100 2 habitaciones","Zona 14, *Guatemala, Ciudad",https://mapainmueble.com/properties/zona-14-apartamento-en-renta-edificio-pacifica-plaza-amueblado-daa42352/,Dormitorios: 2,Ba√±os: 2,Tama√±o de la propiedad: 107 m2
APARTAMENTO EN ZONA 14 EXCLUSIVA  DE 3 HAB A...,"$ 4,300","Zona 14, *Guatemala, Ciudad",https://mapainmueble.com/properties/apartamento-en-zona-14-exclusiva-de-3-hab-agt901-daa42333/,Dormitorios: 3,Ba√±os: 3,Tama√±o de la propiedad: 405 m2
APARTAMENTO DE 3 HABITACIONES EN RENTA ZONA ...,"$ 1,250","Zona 14, *Guatemala, Ciudad",https://mapainmueble.com/properties/apartamento-de-3-habitaciones-en-renta-zona-14-cerca-de-la-noria-daa42330/,Dormitorios: 3,Ba√±os: 2.5,Tama√±o de la propiedad: 139 m2
APARTAMENTO EN RENTA EN EXCLUSIVO EDIFICIO E...,"$ 3,900","Zona 14, *Guatemala, Ciudad",https://mapainmueble.com/properties/apartamento-en-renta-en-exclusivo-edificio-en-zona-14-mundo-inmobiliario-daa42322/,Dormitorios: 3,Ba√±os: 3.5,Tama√±o de la propiedad: 406 m2
Apartamento en renta zona 14,"$ 1,627 Iva y mto incluidos","Zona 14, *Guatemala, Ciudad",https://mapainmueble.com/properties/apartamento-en-renta-zona-14-daa42312/,Dormitorios: 3,Ba√±os: 2.5,Tama√±o de la propiedad: 139 m2
Apartamento de lujo en renta zona 14,"$ 4,284 Iva y mto incluidos","Zona 14, *Guatemala, Ciudad",https://mapainmueble.com/properties/apartamento-de-lujo-en-renta-zona-14-daa42307/,Dormitorios: 3,Ba√±os: 3.5,Tama√±o de la propiedad: 406 m2
"Hermoso apartamento en alquiler, Edificio At...","$ 1,250","Zona 14, *Guatemala, Ciudad",https://mapainmueble.com/properties/hermoso-apartamento-en-alquiler-edificio-attica-ii-zona-14-caa13061/,Dormitorios: 3,Ba√±os: 2.5,No especificado
ALQUILO APARTAMENTO AMUEBLADO  EN ZONA 14,"$ 2,000","Zona 14, *Guatemala, Ciudad",https://mapainmueble.com/properties/alquilo-apartamento-amueblado-en-zona-14-daa42262/,Dormitorios: 3,Ba√±os: 2,No especificado
Apartamento en alquiler zona 14 con muebles ...,"$ 2,200","Zona 14, *Guatemala, Ciudad",https://mapainmueble.com/properties/apartamento-en-alquiler-zona-14-con-muebles-de-3-habitaciones-daa42218/,Dormitorios: 3,Ba√±os: 2.5,Tama√±o de la propiedad: 210 m2
Apartamento en alquiler zona 14 de 2 dormito...,$ 780,"Zona 14, *Guatemala, Ciudad",https://mapainmueble.com/properties/apartamento-en-alquiler-zona-14-de-2-dormitorios-daa42215/,Dormitorios: 2,Ba√±os: 1,Tama√±o de la propiedad: 82 m2
Apartamento en alquiler amueblado en zona 14,"$ 1,000","Zona 14, *Guatemala, Ciudad",https://mapainmueble.com/properties/apartamento-en-alquiler-amueblado-en-zona-14-daa42206/,Dormitorios: 2,Ba√±os: 2,Tama√±o de la propiedad: 129 m2
Moderno Apartamento de 2 dormitorios + cuart...,"$ 1,500 + IVA","Zona 14, *Guatemala, Ciudad",https://mapainmueble.com/properties/apartamento-para-renta-en-zona-14-daa42203/,Dormitorios: 2,Ba√±os: 2.5,Tama√±o de la propiedad: 147 m2
Apartamento amueblado en renta y venta zona ...,"$ 2,000","Zona 14, *Guatemala, Ciudad",https://mapainmueble.com/properties/apartamento-amueblado-en-renta-y-venta-zona-14-pacifica-plaza-daa42200/,Dormitorios: 4,Ba√±os: 2.5,Tama√±o de la propiedad: 249 m2
Atractivo y Amplio Apartemento en Renta en Z...,"$ 3,200 $","Zona 14, *Guatemala, Ciudad",https://mapainmueble.com/properties/atractivo-y-amplio-apartemento-en-renta-en-zona-14-daa42164/,Dormitorios: 3,Ba√±os: 3,Tama√±o de la propiedad: 406 m2
Apartamento amueblado en Renta en zona 14 / ...,"$ 2,200","Zona 14, *Guatemala, Ciudad",https://mapainmueble.com/properties/apartamento-amueblado-en-renta-en-zona-14-san-patricio-ii-daa42152/,Dormitorios: 3,Ba√±os: 2.5,Tama√±o de la propiedad: 170 m2
Apartamento en alquiler zona 14 San Patricio...,"$ 2,240","Zona 14, *Guatemala, Ciudad",https://mapainmueble.com/properties/apartamento-en-alquiler-zona-14-san-patricio-2-de-3-habitaciones-daa42145/,Dormitorios: 3,Ba√±os: 3,Tama√±o de la propiedad: 232 m2
"Apartamento Amueblado en alquiler, Edificio ...","$ 1,267","Zona 14, *Guatemala, Ciudad",https://mapainmueble.com/properties/apartamento-amueblado-en-alquiler-edificio-vivaldi-zona-14-caa13019/,Dormitorios: 2,No especificado,Tama√±o de la propiedad: 106 m2
Apartamento amueblado en Renta en zona 14 / ...,"$ 2,200","Zona 14, *Guatemala, Ciudad",https://mapainmueble.com/properties/apartamento-amueblado-en-renta-en-zona-14-san-patricio-ii-daa42152/,Dormitorios: 3,Ba√±os: 2.5,Tama√±o de la propiedad: 170 m2
Apartamento en alquiler zona 14 San Patricio...,"$ 2,240","Zona 14, *Guatemala, Ciudad",https://mapainmueble.com/properties/apartamento-en-alquiler-zona-14-san-patricio-2-de-3-habitaciones-daa42145/,Dormitorios: 3,Ba√±os: 3,Tama√±o de la propiedad: 232 m2
"Apartamento Amueblado en alquiler, Edificio ...","$ 1,267","Zona 14, *Guatemala, Ciudad",https://mapainmueble.com/properties/apartamento-amueblado-en-alquiler-edificio-vivaldi-zona-14-caa13019/,Dormitorios: 2,No especificado,Tama√±o de la propiedad: 106 m2
ALQUILER  APARTAMENTO AMUEBLADO VIVALDI,"$ 1,250","Zona 14, *Guatemala, Ciudad",https://mapainmueble.com/properties/hermoso-apartamento-amueblado-daa42143/,Dormitorios: 2,Ba√±os: 1.5,Tama√±o de la propiedad: 106 m2
"Rento Apartamento  Zona 14, Amueblado!","$ 1,800 $","Zona 14, *Guatemala, Ciudad",https://mapainmueble.com/properties/rento-apartamento-zona-14-amueblado-daa42121/,Dormitorios: 3,Ba√±os: 2.5,No especificado
Apartamento en Renta ‚Äì Tiffany Ca√±ada,"$ 1,800 + IVA","Zona 14, *Guatemala, Ciudad",https://mapainmueble.com/properties/apartamento-en-renta-tiffany-canada-daa42104/,Dormitorios: 2,Ba√±os: 2,Tama√±o de la propiedad: 135 m2
ALQUILER DE APARTAMENTO EN ZONA 14 SANTORINI...,$ 900,"Zona 14, *Guatemala, Ciudad",https://mapainmueble.com/properties/alquiler-de-apartamento-en-zona-14-santorini-americas-daa42091/,Dormitorios: 2,Ba√±os: 2,Tama√±o de la propiedad: 92 m2
ZONA 14 AMERICAS/EXCLUSIVOAPARTAMENTO EN REN...,"$ 2,850","Zona 14, *Guatemala, Ciudad",https://mapainmueble.com/properties/zona-14-americasexclusivoapartamento-en-renta-daa42057/,Dormitorios: 2,Ba√±os: 2.5,Tama√±o de la propiedad: 170 m2
Renta en Tiffany 5ta Avenida,"$ 1,900 + IVA","Zona 14, *Guatemala, Ciudad",https://mapainmueble.com/properties/renta-en-tiffany-5ta-avenida-daa42031/,Dormitorios: 2,Ba√±os: 2,Tama√±o de la propiedad: 125 m2
"Rento Apartamento  Zona 14, Amueblado!","$ 1,800 $","Zona 14, *Guatemala, Ciudad",https://mapainmueble.com/properties/rento-apartamento-zona-14-amueblado-daa42121/,Dormitorios: 3,Ba√±os: 2.5,No especificado
Apartamento en Renta ‚Äì Tiffany Ca√±ada,"$ 1,800 + IVA","Zona 14, *Guatemala, Ciudad",https://mapainmueble.com/properties/apartamento-en-renta-tiffany-canada-daa42104/,Dormitorios: 2,Ba√±os: 2,Tama√±o de la propiedad: 135 m2
ALQUILER DE APARTAMENTO EN ZONA 14 SANTORINI...,$ 900,"Zona 14, *Guatemala, Ciudad",https://mapainmueble.com/properties/alquiler-de-apartamento-en-zona-14-santorini-americas-daa42091/,Dormitorios: 2,Ba√±os: 2,Tama√±o de la propiedad: 92 m2
ZONA 14 AMERICAS/EXCLUSIVOAPARTAMENTO EN REN...,"$ 2,850","Zona 14, *Guatemala, Ciudad",https://mapainmueble.com/properties/zona-14-americasexclusivoapartamento-en-renta-daa42057/,Dormitorios: 2,Ba√±os: 2.5,Tama√±o de la propiedad: 170 m2
Renta en Tiffany 5ta Avenida,"$ 1,900 + IVA","Zona 14, *Guatemala, Ciudad",https://mapainmueble.com/properties/renta-en-tiffany-5ta-avenida-daa42031/,Dormitorios: 2,Ba√±os: 2,Tama√±o de la propiedad: 125 m2
Renta de Apartamento Attica 2 zona 14,"$ 1,200 D√≥lares","Zona 14, *Guatemala, Ciudad",https://mapainmueble.com/properties/renta-de-apartamento-zona-14-DAA42023/,Dormitorios: 2,Ba√±os: 2,Tama√±o del lote del Inmueble: 10 m2
Alquiler de Apartamento zona 14,"$ 1,200 D√≥lares","Zona 14, *Guatemala, Ciudad",https://mapainmueble.com/properties/alquiler-de-apartamento-zona-14-DAA42022/,Dormitorios: 2,Ba√±os: 2,Tama√±o del lote del Inmueble: 10 m2
Apartamento de dos habitaciones amueblado en...,"$ 1,000","Zona 14, *Guatemala, Ciudad",https://mapainmueble.com/properties/apartamento-de-dos-habitaciones-amueblado-en-z10-CAA12995/,Dormitorios: 2,Ba√±os: 2.5,Tama√±o de la propiedad: 116 m2
"Rento Apartamento  Zona 14, Amueblado!","$ 1,800","Zona 14, *Guatemala, Ciudad",https://mapainmueble.com/properties/rento-apartamento-zona-14-amueblado-DAA41998/,Dormitorios: 3,Ba√±os: 2,Tama√±o de la propiedad: 198 m2
"APARTAMENTO AMUEBLADO EN RENTA, ZONA 14","$ 2,500 M√°s IVA","Zona 14, *Guatemala, Ciudad",https://mapainmueble.com/properties/apartamento-amueblado-en-renta-zona-14-DAA41742/,Dormitorios: 2,Ba√±os: 2.5,No especificado
"Apartamento en alquiler, de 2 niveles, Edifi...","$ 2,200","Zona 14, *Guatemala, Ciudad",https://mapainmueble.com/properties/apartamento-en-alquiler-de-2-niveles-edificio-villa-risho-zona-14-caa12787/,Dormitorios: 2,Ba√±os: 2.5,Tama√±o de la propiedad: 199 m2
ALQUILER DE APARTAMENTO ZONA 14 ATTICA II,"$ 1,250","Zona 14, *Guatemala, Ciudad",https://mapainmueble.com/properties/apartamento-en-renta-attica-zona-14-daa41626/,Dormitorios: 3,Ba√±os: 2.5,Tama√±o de la propiedad: 139 m2
Apartamento en Renta zona 14,"$ 1,250 + mantenimiento","Zona 14, *Guatemala, Ciudad",https://mapainmueble.com/properties/apartamento-en-renta-zona-14-daa41625/,Dormitorios: 3,Ba√±os: 2.5,Tama√±o de la propiedad: 139 m2
Apartamento en Renta en Zona 14,"$ 1,200","Zona 14, *Guatemala, Ciudad",https://mapainmueble.com/properties/apartamento-en-renta-en-zona-14-daa41604/,Dormitorios: 2,Ba√±os: 2,Tama√±o de la propiedad: 107 m2
Apartamento en Renta en Attica z14,"$ 1,626","Zona 14, *Guatemala, Ciudad",https://mapainmueble.com/properties/apartamento-en-renta-en-attica-z14-daa41582/,Dormitorios: 3,Ba√±os: 2.5,Tama√±o de la propiedad: 139 m2
RENTA DE APARTAMENTO EN ZONA 14 ATTICA,"$ 1,600","Zona 14, *Guatemala, Ciudad",https://mapainmueble.com/properties/renta-de-apartamento-en-zona-14-attica-daa41541/,Dormitorios: 3,Ba√±os: 2.5,Tama√±o de la propiedad: 139 m2
Apartamento zona 14 de 2 habitaciones amuebl...,"$ 1,946","Zona 14, *Guatemala, Ciudad",https://mapainmueble.com/properties/apartamento-zona-14-de-2-habitaciones-amueblado-daa41518/,Dormitorios: 2,Ba√±os: 1,Tama√±o de la propiedad: 228 m2
Apto Polanco zona 14 2 hab,"$ 1,100 mant incluido","Zona 14, *Guatemala, Ciudad",https://mapainmueble.com/properties/apto-polanco-zona-14-2-hab-daa41490/,Dormitorios: 2,Ba√±os: 2.5,Tama√±o de la propiedad: 96 m2
Apartamento en Alquiler Edificio Quinta Aven...,"$ 1,950 Amueblado","Zona 14, *Guatemala, Ciudad",https://mapainmueble.com/properties/apartamento-en-alquiler-edificio-quinta-avenida-zona-14-codigo-8129822-daa41464/,Dormitorios: 2,Ba√±os: 2.5,Tama√±o de la propiedad: 228 m2
Apartamento en Alquiler / Venta Edificio Cas...,"$ 1,500 Amueblado","Zona 14, *Guatemala, Ciudad",https://mapainmueble.com/properties/apartamento-en-alquiler-venta-edificio-casa-rialto-zona-14-codigo-7013341-daa41461/,Dormitorios: 1,Ba√±os: 1.5,Tama√±o de la propiedad: 86 m2
"Apartamento en Renta, Zona 14","$ 1,300","Zona 14, *Guatemala, Ciudad",https://mapainmueble.com/properties/apartamento-en-renta-zona-14-DAA41420/,Dormitorios: 3,Ba√±os: 3,No especificado
Apartamento en Alquiler Edificio Vila Catorc...,$ 700 Para estrenar,"Zona 14, *Guatemala, Ciudad",https://mapainmueble.com/properties/apartamento-en-alquiler-edificio-vila-catorce-zona-14-codigo-8141483-daa41381/,Dormitorios: 1,Ba√±os: 1,Tama√±o de la propiedad: 36 m2
Apartamento en renta para estrenar en zona 1...,"$ 1,100","Zona 14, *Guatemala, Ciudad",https://mapainmueble.com/properties/apartamento-en-renta-para-estrenar-en-zona-13-daa41320/,Dormitorios: 2,Ba√±os: 2,Tama√±o de la propiedad: 105 m2
"APTO. ELEGANTE, 2 NIVELES ‚Äì  2 HAB. / VILLA ...","$ 2,200 M√ÅS IVA","Zona 14, *Guatemala, Ciudad",https://mapainmueble.com/properties/apto-elegante-2-niveles-2-hab-villa-risho-z-14-daa41314/,Dormitorios: 2,Ba√±os: 2.5,Tama√±o de la propiedad: 200 m2
Apartamento en alquiler zona 14 LA Villa,$ 950,"Zona 14, *Guatemala, Ciudad",https://mapainmueble.com/properties/apartamento-en-alquiler-zona-14-la-villa-daa41273/,Dormitorios: 3,Ba√±os: 2,Tama√±o de la propiedad: 87 m2
ALQUILER APARTAMENTO VILLA RISHO,"$ 2,200","Zona 14, *Guatemala, Ciudad",https://mapainmueble.com/properties/alquiler-apartamento-villa-risho-daa41164/,Dormitorios: 2,Ba√±os: 2.5,Tama√±o del lote del Inmueble: 10 m2
Apartamento en renta Edificio Villa Mayor zo...,"$ 1,250","Zona 14, *Guatemala, Ciudad",https://mapainmueble.com/properties/apartamento-en-renta-edificio-villa-mayor-zona-14-daa41189/,Dormitorios: 1,Ba√±os: 1.5,Tama√±o de la propiedad: 92 m2
Alquilo Apartamento Zona 14 con 2 dormitorio...,"$ 2,000 mantenimiento incluido","Zona 14, *Guatemala, Ciudad",https://mapainmueble.com/properties/alquilo-apartamento-zona-14-con-2-dormitorios-y-cuarto-de-servicio-DAA41167/,Dormitorios: 2,Ba√±os: 2.5,Tama√±o del lote del Inmueble: 146 m2
Alquilo apartamento  z 14 tres habitaciones,"$ 1,900","Zona 14, *Guatemala, Ciudad",https://mapainmueble.com/properties/alquilo-apartamento-z-14-tres-habitaciones-CAA12746/,Dormitorios: 3,Ba√±os: 3.5,Tama√±o del lote del Inmueble: 10 m2
Apartamento de 3 Habitaciones en Renta en EC...,"$ 795,000","Zona 14, *Guatemala, Ciudad",https://mapainmueble.com/properties/apartamento-de-3-habitaciones-en-renta-en-echo-zona-14-daa41031/,Dormitorios: 3,Ba√±os: 3.5,Tama√±o de la propiedad: 225 m2
Apartamento Amplio de 3 Habitaciones en Rent...,"$ 4,000","Zona 14, *Guatemala, Ciudad",https://mapainmueble.com/properties/apartamento-de-3-habitaciones-en-renta-en-echo-zona-14-DAA41032/,Dormitorios: 3,Ba√±os: 3.5,Tama√±o de la propiedad: 225 m2
Apartamento en Alquiler Edificio Quinta Aven...,"$ 1,950","Zona 14, *Guatemala, Ciudad",https://mapainmueble.com/properties/apartamento-en-alquiler-edificio-quinta-avenida-zona-14-n4-en-directo-3-daa40988/,Dormitorios: 2,Ba√±os: 2.5,Tama√±o de la propiedad: 228 m2
Apartamento en alquiler zona 14 Echo de 3 do...,"$ 4,998","Zona 14, *Guatemala, Ciudad",https://mapainmueble.com/properties/apartamento-en-alquiler-zona-14-echo-de-3-dormitorios-daa40659/,Dormitorios: 3,Ba√±os: 3.5,Tama√±o de la propiedad: 305 m2
Apartamento en alquiler Echo zona 14 de 2 do...,"$ 2,500","Zona 14, *Guatemala, Ciudad",https://mapainmueble.com/properties/apartamento-en-alquiler-zona-14-edifico-echo-daa40538/,Dormitorios: 2,Ba√±os: 2.5,Tama√±o de la propiedad: 146 m2
CityMax Diamond Real Estate Renta Apto. Amue...,"$ 1,050 Equipado/Amueblado Z.14","Zona 14, *Guatemala, Ciudad",https://mapainmueble.com/properties/citymax-diamond-real-estate-renta-apto-amueblado-equipado-en-zona-14-santorini-DAA40281/,Dormitorios: 2,Ba√±os: 2,Tama√±o del lote del Inmueble: 100 m2
Zona 14 Alquilo Apartamento Amueblado,"$ 1,950 1950","Zona 14, *Guatemala, Ciudad",https://mapainmueble.com/properties/zona-14-alquilo-apartamento-amueblado-DAA40104/,Dormitorios: 2,Ba√±os: 3,Tama√±o de la propiedad: 228 m2
APARTAMENTO EN RENTA Z.14,"$ 1,400 Mantenimiento incluido","Zona 14, *Guatemala, Ciudad",https://mapainmueble.com/properties/apartamento-en-renta-z-14-daa40088/,Dormitorios: 2,Ba√±os: 2,Tama√±o de la propiedad: 125 m2
"Apartamento amueblado en Casa Ca√±ada, Zona 1...","$ 2,200","Zona 14, *Guatemala, Ciudad",https://mapainmueble.com/properties/apartamento-amueblado-en-casa-canada-zona-14-daa39608/,Dormitorios: 3,Ba√±os: 2.5,Tama√±o de la propiedad: 143 m2
"Penthouse con terraza en Avita, zona 14","$ 7,500","Zona 14, *Guatemala, Ciudad",https://mapainmueble.com/properties/penthouse-con-terraza-en-avita-zona-14-daa39478/,Dormitorios: 4,Ba√±os: 4.5,Tama√±o de la propiedad: 614 m2
Apartamento en renta y venta zona 14,"$ 2,600","Zona 14, *Guatemala, Ciudad",https://mapainmueble.com/properties/apartamento-en-renta-y-venta-zona-14-daa39465/,Dormitorios: 3,Ba√±os: 3.5,Tama√±o de la propiedad: 272 m2
Apartamento amueblado en renta sector La Vil...,$ 900,"Zona 14, *Guatemala, Ciudad",https://mapainmueble.com/properties/apartamento-amueblado-en-renta-sector-la-villa-zona-14-daa39215/,Dormitorios: 3,Ba√±os: 2,Tama√±o de la propiedad: 101 m2
Apartamento zona 14 -la Villa / PDP,"$ 1,200","Zona 14, *Guatemala, Ciudad",https://mapainmueble.com/properties/apartamento-zona-14-la-villa-pdp-caa11924/,Dormitorios: 2,Ba√±os: 2.5,Tama√±o de la propiedad: 183 m2
Apartamento en renta zona 14 Tadeus,"$ 2,200","Zona 14, *Guatemala, Ciudad",https://mapainmueble.com/properties/apartamento-en-renta-zona-14-tadeus-caa11906/,Dormitorios: 2,Ba√±os: 3.5,Tama√±o del lote del Inmueble: 320 m2
APARTAMENTO EN RENTA Z14 ‚Äì PARA ESTRENAR!!,"$ 1,600 mantenimiento inclu√≠do","Zona 14, *Guatemala, Ciudad",https://mapainmueble.com/properties/reserva-5ta-avenida-apartamento-en-renta-para-estrenar-DAA38915/,Dormitorios: 3,Ba√±os: 2,Tama√±o del lote del Inmueble: 10 m2
Apartamento en renta Attica zona 14,"$ 1,620","Zona 14, *Guatemala, Ciudad",https://mapainmueble.com/properties/apartamento-en-renta-en-zona-14-daa38877/,Dormitorios: 3,Ba√±os: 3.5,Tama√±o de la propiedad: 139 m2
Alquilo apartamento  tres habitaciones  nive...,"$ 1,400","Zona 14, *Guatemala, Ciudad",https://mapainmueble.com/properties/alquilo-apartamento-tres-habitaciones-nivel-bajo-z-14-DAA38807/,Dormitorios: 3,Ba√±os: 2.5,Tama√±o del lote del Inmueble: 10 m2
Apartamento Renta en zona 14 Condado la Vill...,$ 950 Incluye Mantenimiento,"Zona 14, *Guatemala, Ciudad",https://mapainmueble.com/properties/apartamento-renta-en-zona-14-condado-la-villa-caa11869/,Dormitorios: 3,Ba√±os: 2,Tama√±o del lote del Inmueble: 10 m2
Apartamento en renta zona 14,$ 950 Incluye mantenimiento,"Zona 14, *Guatemala, Ciudad",https://mapainmueble.com/properties/apartamento-en-renta-zona-14-caa11840/,Dormitorios: 2,Ba√±os: 2,Tama√±o del lote del Inmueble: 10 m2
Apartamento en Renta zona 14,"$ 1,500 Incluye mantenimiento","Zona 14, *Guatemala, Ciudad",https://mapainmueble.com/properties/apartamento-en-renta-zona-14-caa11839/,Dormitorios: 3,Ba√±os: 2,Tama√±o del lote del Inmueble: 10 m2
Apartamento en Renta zona 14,$ 950 Incluye Mantenimiento,"Zona 14, *Guatemala, Ciudad",https://mapainmueble.com/properties/apartamento-en-renta-zona-14-caa11838/,Dormitorios: 3,Ba√±os: 2,Tama√±o del lote del Inmueble: 10 m2
Apartamento en Renta zona 14,"$ 1,600","Zona 14, *Guatemala, Ciudad",https://mapainmueble.com/properties/apartamento-en-renta-zona-14-daa38681/,Dormitorios: 3,Ba√±os: 2.5,Tama√±o del lote del Inmueble: 10 m2
APARTAMENTO AMUEBLADO EN ALQUILER ZONA 14,$ 850,"Zona 14, *Guatemala, Ciudad",https://mapainmueble.com/properties/apartamento-amuenlado-en-alquiler-zona-14-DAA38614/,Dormitorios: 1,Ba√±os: 1,Tama√±o de la propiedad: 65 m2
Rento Apartamento en Edificio Plenum Catorce...,"$ 1,300","Zona 14, *Guatemala, Ciudad",https://mapainmueble.com/properties/rento-apartamento-en-edificio-plenum-catorce-5ta-avenida-zona-14-daa38530/,Dormitorios: 2,Ba√±os: 2,Tama√±o de la propiedad: 98 m2
ALQUILER DE APARTAMENTO TIPO LOF EN ZONA 14 ...,$ 850,"Zona 14, *Guatemala, Ciudad",https://mapainmueble.com/properties/alquiler-de-apartamento-tipo-lof-en-zona-14-edificio-torreon-daa38492/,Dormitorios: 1,Ba√±os: 1,Tama√±o de la propiedad: 100 m2
ZONA 14. Apartamento amplio en renta en edif...,"$ 3,200 m√°s IVA y mantenimiento.","Zona 14, *Guatemala, Ciudad",https://mapainmueble.com/properties/zona-14-apartamento-amplio-en-renta-en-edificio-tadeus-daa38462/,Dormitorios: 3,Ba√±os: 3.5,Tama√±o de la propiedad: 405 m2
Alquilo apartamento  tres habitaciones  zona...,"$ 1,200","Zona 14, *Guatemala, Ciudad",https://mapainmueble.com/properties/alquilo-apartamento-tres-habitaciones-zona-14-DAA38330/,Dormitorios: 3,Ba√±os: 2,Tama√±o del lote del Inmueble: 10 m2
"Apartamento en Edificio Piemonte, zona 14","$ 1,400","Zona 14, *Guatemala, Ciudad",https://mapainmueble.com/properties/apartamento-en-edificio-piemonte-zona-14-daa38190/,Dormitorios: 2,Ba√±os: 2,Tama√±o de la propiedad: 141 m2
"RENTA DE AMPLIO APARTAMENTO, ZONA 14, SECTOR...","$ 1,250 SECTOR LA NORIA Z.14","Zona 14, *Guatemala, Ciudad",https://mapainmueble.com/properties/renta-amplio-apartamento-en-zona-14-sector-la-noria-daa37987/,Dormitorios: 3,Ba√±os: 2.5,Tama√±o de la propiedad: 139 m2
BENEVENTO APTO EN RENTA ZONA 14,$ 900 Incluye mantenimiento,"Zona 14, *Guatemala, Ciudad",https://mapainmueble.com/properties/en-alquiler-apartamento-amoblado-en-zona-14-edificio-benevento-daa37815/,Dormitorios: 1,Ba√±os: 2,Tama√±o del lote del Inmueble: 144 m2
Las Conchas Apartamento en Alquiler ZONA 14,$ 895,"Zona 14, *Guatemala, Ciudad",https://mapainmueble.com/properties/apartamento-amueblado-con-balcon-en-zona-14-daa37723/,Dormitorios: 1,Ba√±os: 1,Tama√±o del lote del Inmueble: 90 m2
Apartamento amueblado en zona 14 la villa,"$ 1,000","Zona 14, *Guatemala, Ciudad",https://mapainmueble.com/properties/apartamento-amueblado-en-zona-14-la-villa-daa37563/,Dormitorios: 2,Ba√±os: 2,Tama√±o de la propiedad: 80 m2
Apartamento en renta Edificio Tadeus zona 14,"$ 4,285","Zona 14, *Guatemala, Ciudad",https://mapainmueble.com/properties/apartamento-en-renta-edificio-tadeus-zona-14-daa37543/,Dormitorios: 3,Ba√±os: 3.5,Tama√±o de la propiedad: 406 m2
Alquilo Apartamento Zona 14 Edificio Tadeus ...,"$ 2,974 incluido","Zona 14, *Guatemala, Ciudad",https://mapainmueble.com/properties/alquilo-apartamento-zona-14-edificio-tadeus-2-dormitorios-daa37469/,Dormitorios: 2,Ba√±os: 2.5,Tama√±o del lote del Inmueble: 290 m2
Apartamento en renta zona 14 -√Åttica,"$ 1,250 nuevo en lista!","Zona 14, *Guatemala, Ciudad",https://mapainmueble.com/properties/apartamento-en-renta-zona-14-attica-DAA37441/,Dormitorios: 3,Ba√±os: 2.5,Tama√±o de la propiedad: 139 m2
VENTA DE APARTAMENTO MODERNO EN EL CORAZON D...,"$ 1,550 APTO SECTOR LAS AMERICAS","Zona 14, *Guatemala, Ciudad",https://mapainmueble.com/properties/renta-venta-de-apartamento-moderno-en-el-corazon-de-z-14-sector-las-americas-daa41025/,Dormitorios: 3,Ba√±os: 2,Tama√±o de la propiedad: 95 m2
Alquiler de Apartamento Amueblado en Zona 14,$ 895,"Zona 14, *Guatemala, Ciudad",https://mapainmueble.com/properties/apartamento-amueblado-con-balcon-en-zona-14-DAA37319/,Dormitorios: 1,Ba√±os: 1,Tama√±o del lote del Inmueble: 90 m2
Apartamento de 3 habitaciones amueblado en z...,"$ 1,300","Zona 14, *Guatemala, Ciudad",https://mapainmueble.com/properties/apartamento-de-3-habitaciones-amueblado-en-z14-caa11363/,Dormitorios: 3,Ba√±os: 2,Tama√±o del lote del Inmueble: 10 m2
Apartamento en renta TADEUS Zona 14 (D),"$ 2,400 + IVA","Zona 14, *Guatemala, Ciudad",https://mapainmueble.com/properties/apartamento-en-renta-tadeus-zona-14-d-daa36705/,Dormitorios: 1,Ba√±os: 2,Tama√±o del lote del Inmueble: 10 m2
"Apartamento en Santa M√≥nica, zona 14","$ 1,500","Zona 14, *Guatemala, Ciudad",https://mapainmueble.com/properties/apartamento-en-santa-monica-zona-14-daa36623/,Dormitorios: 2,Ba√±os: 2,Tama√±o de la propiedad: 208 m2
Apartamento en renta ATTICA II,"$ 1,680 Iva y mto incluidos","Zona 14, *Guatemala, Ciudad",https://mapainmueble.com/properties/apartamento-en-renta-attica-ii-daa36543/,Dormitorios: 2,Ba√±os: 3.5,Tama√±o de la propiedad: 193 m2
APARTAMENTO EN VENTA EN ZONA 14,"$ 160,260 160260","Zona 14, *Guatemala, Ciudad",https://mapainmueble.com/properties/apartamento-en-venta-en-zona-14-daa36025/,Dormitorios: 2,Ba√±os: 2,Tama√±o del lote del Inmueble: 81 m2
APARTAMENTO EN RENTA ZONA 14 UNA HABITACI√ìN,$ 641 641,"Zona 14, *Guatemala, Ciudad",https://mapainmueble.com/properties/apartamento-en-renta-zona-14-una-habitacion-daa36024/,Dormitorios: 2,No especificado,Tama√±o del lote del Inmueble: 119 m2
"Alquilo apartamento en zona 14, Edificio Ben...",$ 900,"Zona 14, *Guatemala, Ciudad",https://mapainmueble.com/properties/en-renta-apartamento-en-zona-14-amueblado-daa35920/,Dormitorios: 1,Ba√±os: 2,Tama√±o del lote del Inmueble: 144 m2
Amueblado 2 habitaciones zona 14,"$ 1,100 mant incluido","Zona 14, *Guatemala, Ciudad",https://mapainmueble.com/properties/amueblado-2-habitaciones-zona-14-daa35743/,Dormitorios: 2,Ba√±os: 2,Tama√±o de la propiedad: 90 m2
Apartamento en Renta zona 14,"$ 1,600","Zona 14, *Guatemala, Ciudad",https://mapainmueble.com/properties/apartamento-en-renta-zona-14-daa35601/,Dormitorios: 3,Ba√±os: 2.5,Tama√±o de la propiedad: 200 m2
RENTA APARTAMENTO AMUEBLADO ZONA 14,"$ 2,600","Zona 14, *Guatemala, Ciudad",https://mapainmueble.com/properties/renta-apartamento-amueblado-zona-14-daa35379/,Dormitorios: 4,Ba√±os: 3,Tama√±o de la propiedad: 200 m2
Apartamento de 3 habitaciones en alquiler zo...,"$ 2,900 Incluye mantenimiento","Zona 14, *Guatemala, Ciudad",https://mapainmueble.com/properties/apartamento-de-3-habitaciones-en-alquiler-zona-14-daa35061/,Dormitorios: 3,Ba√±os: 2,Tama√±o de la propiedad: 347 m2
Apartamento en renta Noguchi Am√©ricas zona 1...,"$ 3,900","Zona 14, *Guatemala, Ciudad",https://mapainmueble.com/properties/apartamento-en-renta-noguchi-americas-zona-14-caa10544/,Dormitorios: 3,Ba√±os: 3.5,Tama√±o de la propiedad: 384 m2
Apartamento en alquiler zona 14 de 3 dormito...,"$ 3,500","Zona 14, *Guatemala, Ciudad",https://mapainmueble.com/properties/apartamento-en-alquiler-zona-14-de-3-dormitorios-de-375mts2-daa34911/,Dormitorios: 3,Ba√±os: 4,Tama√±o de la propiedad: 417 m2
Apartamento en alquiler zona 14 de lujo de 3...,"$ 3,250 Mas IVA","Zona 14, *Guatemala, Ciudad",https://mapainmueble.com/properties/apartamento-en-alquiler-zona-14-sekkei-DAA34861/,Dormitorios: 3,Ba√±os: 3.5,Tama√±o de la propiedad: 250 m2
ALQUILER DE APARTAMENTO ZONA 14  AMUEBLADO,"$ 2,350","Zona 14, *Guatemala, Ciudad",https://mapainmueble.com/properties/alquiler-de-apartamento-zona-14-amueblado-daa33803/,Dormitorios: 3,Ba√±os: 3.5,Tama√±o de la propiedad: 240 m2
Apartamento en alquiler zona 14 de 691mts2,"$ 4,675","Zona 14, *Guatemala, Ciudad",https://mapainmueble.com/properties/renta-de-apartamento-en-zona-14-gaudi-daa33670/,Dormitorios: 3,Ba√±os: 3.5,Tama√±o del lote del Inmueble: 591 m2
Apartamento en z14 amueblado una habitacion,$ 850 Excelente oportunidad,"Zona 14, *Guatemala, Ciudad",https://mapainmueble.com/properties/apartamento-en-z14-amueblado-una-habitacion-CAA10005/,Dormitorios: 1,Ba√±os: 1,Tama√±o del lote del Inmueble: 10 m2
Apartamento en Alquiler Edificio Vila Catorc...,$ 950,"Zona 14, *Guatemala, Ciudad",https://mapainmueble.com/properties/apartamento-en-alquiler-edificio-vila-catorce-zona-14-n1-en-directo-02-daa32336/,Dormitorios: 2,Ba√±os: 2,Tama√±o de la propiedad: 66 m2
Alquilo apartamento zona 14 Villa Mayor,"$ 1,800","Zona 14, *Guatemala, Ciudad",https://mapainmueble.com/properties/alquilo-apartamento-zona-14-villa-mayor-daa33429/,Dormitorios: 3,Ba√±os: 4,Tama√±o de la propiedad: 229 m2
Apartamento amueblado el sector de Europlaza...,$ 800 Amueblado,"Zona 14, *Guatemala, Ciudad",https://mapainmueble.com/properties/apartamento-amueblado-el-sector-de-europlaza-zona-14-de-2-hab-agt704-daa33390/,Dormitorios: 2,Ba√±os: 2,Tama√±o de la propiedad: 90 m2
"APARTAMENTO RENTA, ZONA 14 edificio Sekkei","$ 3,250","Zona 14, *Guatemala, Ciudad",https://mapainmueble.com/properties/apartamento-renta-zona-14-daa33150/,Dormitorios: 3,Ba√±os: 3.5,Tama√±o del lote del Inmueble: 325 m2
ALQUILER DE APARTAMENTO EN ZONA 14 DE 2 DORM...,"$ 1,300","Zona 14, *Guatemala, Ciudad",https://mapainmueble.com/properties/alquiler-de-apartamento-en-zona-14-de-2-dormitorios-y-dormitorio-de-servicio-daa29717/,Dormitorios: 2,Ba√±os: 2.5,Tama√±o de la propiedad: 257 m2
Apartamento en alquiler edificio Terazu zona...,"$ 3,900","Zona 14, *Guatemala, Ciudad",https://mapainmueble.com/properties/apartamento-en-alquiler-edificio-terazu-zona-14-caa9077/,Dormitorios: 3,Ba√±os: 3.5,Tama√±o de la propiedad: 329 m2
Alquilo Zona 14 Apartamento Amueblado en ult...,"$ 2,800 mantenimiento incluido","Zona 14, *Guatemala, Ciudad",https://mapainmueble.com/properties/alquilo-zona-14-apartamento-amueblado-en-ultimo-nivel-DAA29397/,Dormitorios: 3,Ba√±os: 4.5,Tama√±o del lote del Inmueble: 230 m2
Apartamento en Condado La Villa La Villa cer...,"$ 5,800 QUETZALES","Zona 14, *Guatemala, Ciudad",https://mapainmueble.com/properties/apartamento-en-condado-la-villa-la-villa-cerca-del-club-la-villa-y-delfines-esports-zona-14-de-2-habitaciones-agt1958-daa29365/,Dormitorios: 2,Ba√±os: 2,Tama√±o de la propiedad: 85 m2
"Apartamento en Segheria Amplio, en La Villa,...","$ 1,300 DOLARES","Zona 14, *Guatemala, Ciudad",https://mapainmueble.com/properties/apartamento-en-segheria-amplio-en-la-villa-con-vista-desde-nivel-alto-zona-14-de-3-habitaciones-agt1959-daa29364/,Dormitorios: 3,Ba√±os: 2.5,Tama√±o de la propiedad: 140 m2
Apartamento en Segheria Apartamentos la Vill...,"$ 1,100 DOLARES","Zona 14, *Guatemala, Ciudad",https://mapainmueble.com/properties/apartamento-en-segheria-apartamentos-la-villa-al-final-de-la-14-avenida-zona-14-de-3-habitaciones-agt1899-daa27778/,Dormitorios: 3,Ba√±os: 2.5,Tama√±o de la propiedad: 136 m2
Apartamento en Segheria Apartamentos la Vill...,"$ 1,100","Zona 14, *Guatemala, Ciudad",https://mapainmueble.com/properties/apartamento-en-segheria-apartamentos-la-villa-al-final-de-la-14-avenida-zona-14-de-3-habitaciones-agt1899-daa27579/,Dormitorios: 3,Ba√±os: 2,Tama√±o de la propiedad: 135 m2
Apartamento en Segheria Apartamentos la Vill...,"$ 1,100 DOLARES","Zona 14, *Guatemala, Ciudad",https://mapainmueble.com/properties/apartamento-en-segheria-apartamentos-la-villa-al-final-14-avenida-zona-14-de-3-habitaciones-agt1899-daa27506/,Dormitorios: 3,Ba√±os: 2.5,Tama√±o de la propiedad: 136 m2
APARTAMENTO RENTA TIFFANY ZONA 14,"$ 1,600 Mant incluido","Zona 14, *Guatemala, Ciudad",https://mapainmueble.com/properties/apartamento-renta-tiffany-zona-14-DAA27404/,Dormitorios: 2,Ba√±os: 2,Tama√±o de la propiedad: 136 m2
APARTAMENTO RENTA TIFFANY ZONA 14,"$ 1,600 Mant incluido","Zona 14, *Guatemala, Ciudad",https://mapainmueble.com/properties/apartamento-renta-tiffany-zona-14-DAA27404/,Dormitorios: 2,Ba√±os: 2,Tama√±o de la propiedad: 136 m2
Apartamento en Garces De La Villa  La villa ...,$ 805 DOLARES,"Zona 14, *Guatemala, Ciudad",https://mapainmueble.com/properties/apartamento-en-garces-de-la-villa-la-villa-zona-14-de-3-habitaciones-agt1888-daa27317/,Dormitorios: 3,Ba√±os: 2,Tama√±o de la propiedad: 89 m2
Apartamento en RENTA en CASA ROBLE zona 14,"$ 1,650","Zona 14, *Guatemala, Ciudad",https://mapainmueble.com/properties/apartamento-en-renta-para-estrenar-en-casa-roble-zona-14-daa27067/,Dormitorios: 3,Ba√±os: 3,Tama√±o de la propiedad: 130 m2
Apartamento en Tadeus la zona m√°s privilegia...,"$ 2,200","Zona 14, *Guatemala, Ciudad",https://mapainmueble.com/properties/apartamento-en-tadeus-la-zona-mas-privilegiada-y-exclusiva-de-guatemala-zona-14-de-2-habitaciones-agt976-daa27055/,Dormitorios: 2,Ba√±os: 2.5,Tama√±o de la propiedad: 308 m2
Apartamento en Tadeus la zona m√°s privilegia...,"$ 2,200","Zona 14, *Guatemala, Ciudad",https://mapainmueble.com/properties/apartamento-en-tadeus-la-zona-mas-privilegiada-y-exclusiva-de-guatemala-zona-14-de-2-habitaciones-agt976-daa27054/,Dormitorios: 2,Ba√±os: 3,Tama√±o de la propiedad: 308 m2
Apartamento en alquiler zona 14 amueblado de...,"$ 2,600 + IVA","Zona 14, *Guatemala, Ciudad",https://mapainmueble.com/properties/apartamento-en-alquiler-zona-14-amueblado-de-3-dormitorios-daa26798/,Dormitorios: 3,Ba√±os: 3.5,Tama√±o del lote del Inmueble: 255 m2
Apartamento en Edificio Segheria la Villa al...,"$ 1,050 DOLARES","Zona 14, *Guatemala, Ciudad",https://mapainmueble.com/properties/apartamento-en-edificio-segheria-la-villa-al-final-de-la-14-avenida-zona-14-de-2-habitaciones-agt1840-daa26536/,Dormitorios: 2,Ba√±os: 2,No especificado
Apartamento en Edificio Segheria la Villa al...,"$ 1,050 DOLARES","Zona 14, *Guatemala, Ciudad",https://mapainmueble.com/properties/apartamento-en-edificio-segheria-la-villa-al-final-de-la-14-avenida-zona-14-de-2-habitaciones-agt1840-daa26506/,Dormitorios: 2,Ba√±os: 2,Tama√±o de la propiedad: 107 m2
Apartamento de 1 habitaci√≥n duplex,$ 950 Amplio apartamento,"Zona 14, *Guatemala, Ciudad",https://mapainmueble.com/properties/apartamento-de-1-habitacion-duplex-daa26240/,Dormitorios: 1,Ba√±os: 1.5,Tama√±o de la propiedad: 98 m2
Apartamento en Segheria Apartamentos la Vill...,"$ 1,100","Zona 14, *Guatemala, Ciudad",https://mapainmueble.com/properties/apartamento-en-segheria-apartamentos-la-villa-al-final-de-la-14-avenida-zona-14-de-3-habitaciones-agt1899-daa27579/,Dormitorios: 3,Ba√±os: 2,Tama√±o de la propiedad: 135 m2
Apartamento en Segheria Apartamentos la Vill...,"$ 1,100 DOLARES","Zona 14, *Guatemala, Ciudad",https://mapainmueble.com/properties/apartamento-en-segheria-apartamentos-la-villa-al-final-14-avenida-zona-14-de-3-habitaciones-agt1899-daa27506/,Dormitorios: 3,Ba√±os: 2.5,Tama√±o de la propiedad: 136 m2
APARTAMENTO RENTA TIFFANY ZONA 14,"$ 1,600 Mant incluido","Zona 14, *Guatemala, Ciudad",https://mapainmueble.com/properties/apartamento-renta-tiffany-zona-14-DAA27404/,Dormitorios: 2,Ba√±os: 2,Tama√±o de la propiedad: 136 m2
Apartamento en Garces De La Villa  La villa ...,$ 805 DOLARES,"Zona 14, *Guatemala, Ciudad",https://mapainmueble.com/properties/apartamento-en-garces-de-la-villa-la-villa-zona-14-de-3-habitaciones-agt1888-daa27317/,Dormitorios: 3,Ba√±os: 2,Tama√±o de la propiedad: 89 m2
Apartamento en RENTA en CASA ROBLE zona 14,"$ 1,650","Zona 14, *Guatemala, Ciudad",https://mapainmueble.com/properties/apartamento-en-renta-para-estrenar-en-casa-roble-zona-14-daa27067/,Dormitorios: 3,Ba√±os: 3,Tama√±o de la propiedad: 130 m2
Apartamento en Tadeus la zona m√°s privilegia...,"$ 2,200","Zona 14, *Guatemala, Ciudad",https://mapainmueble.com/properties/apartamento-en-tadeus-la-zona-mas-privilegiada-y-exclusiva-de-guatemala-zona-14-de-2-habitaciones-agt976-daa27055/,Dormitorios: 2,Ba√±os: 2.5,Tama√±o de la propiedad: 308 m2
Apartamento en Tadeus la zona m√°s privilegia...,"$ 2,200","Zona 14, *Guatemala, Ciudad",https://mapainmueble.com/properties/apartamento-en-tadeus-la-zona-mas-privilegiada-y-exclusiva-de-guatemala-zona-14-de-2-habitaciones-agt976-daa27054/,Dormitorios: 2,Ba√±os: 3,Tama√±o de la propiedad: 308 m2
Apartamento en alquiler zona 14 amueblado de...,"$ 2,600 + IVA","Zona 14, *Guatemala, Ciudad",https://mapainmueble.com/properties/apartamento-en-alquiler-zona-14-amueblado-de-3-dormitorios-daa26798/,Dormitorios: 3,Ba√±os: 3.5,Tama√±o del lote del Inmueble: 255 m2
Apartamento en Edificio Segheria la Villa al...,"$ 1,050 DOLARES","Zona 14, *Guatemala, Ciudad",https://mapainmueble.com/properties/apartamento-en-edificio-segheria-la-villa-al-final-de-la-14-avenida-zona-14-de-2-habitaciones-agt1840-daa26536/,Dormitorios: 2,Ba√±os: 2,No especificado
APARTAMENTO RENTA O VENTA ZONA 14,"$ 3,000","Zona 14, *Guatemala, Ciudad",https://mapainmueble.com/properties/apartamento-renta-o-venta-zona-14-DAA25440/,Dormitorios: 3,Ba√±os: 4,Tama√±o de la propiedad: 323 m2
Apartamento renta zona 14,"$ 1,100","Zona 14, *Guatemala, Ciudad",https://mapainmueble.com/properties/apartamento-renta-zona-14-CAA8135/,Dormitorios: 2,Ba√±os: 2.5,No especificado
APARTAMENTO ZONA 14 RENTA,"$ 1,201 MANT INCLUIDO","Zona 14, *Guatemala, Ciudad",https://mapainmueble.com/properties/apartamento-zona-14-renta-CAA8129/,Dormitorios: 3,Ba√±os: 2.5,Tama√±o de la propiedad: 199 m2
Apartamento en alquiler Edificio Exedra zona...,"$ 1,100 mantenimiento incluido","Zona 14, *Guatemala, Ciudad",https://mapainmueble.com/properties/apartamento-en-alquiler-edificio-exendra-zona-14-caa8128/,Dormitorios: 2,Ba√±os: 2.5,Tama√±o de la propiedad: 165 m2
Apartamento en renta zona 14 de lujo con 3 h...,"$ 3,000","Zona 14, *Guatemala, Ciudad",https://mapainmueble.com/properties/apartamento-en-renta-zona-14-de-lujo-con-3-habitaciones-daa25259/,Dormitorios: 3,Ba√±os: 3.5,Tama√±o del lote del Inmueble: 250 m2
Apartamento en Tadeus la zona m√°s privilegia...,"$ 3,328","Zona 14, *Guatemala, Ciudad",https://mapainmueble.com/properties/apartamento-en-tadeus-la-zona-mas-privilegiada-y-exclusiva-de-guatemala-zona-14-de-3-habitaciones-agt901-daa25207/,Dormitorios: 2,Ba√±os: 3,Tama√±o del lote del Inmueble: 405 m2
APARTAMENTO TIFFANY ZONA 14,"$ 2,300 M√ÅS IVA","Zona 14, *Guatemala, Ciudad",https://mapainmueble.com/properties/apartamento-tiffany-zona-14-DAA24952/,Dormitorios: 3,Ba√±os: 3,Tama√±o de la propiedad: 220 m2
Apartamento de dos habitaciones en zona 14,$ 686 Excelente precio,"Zona 14, *Guatemala, Ciudad",https://mapainmueble.com/properties/apartamento-de-dos-habitaciones-en-zona-14-daa24868/,Dormitorios: 2,Ba√±os: 2.5,Tama√±o de la propiedad: 85 m2
RENTA NOUGHI ZONA 14,"$ 3,000 M√°s IVA","Zona 14, *Guatemala, Ciudad",https://mapainmueble.com/properties/renta-noughi-zona-14-DAA24790/,Dormitorios: 3,Ba√±os: 4,Tama√±o de la propiedad: 300 m2
Apartamento amueblado en renta zona 14,$ 900,"Zona 14, *Guatemala, Ciudad",https://mapainmueble.com/properties/apartamento-amueblado-en-renta-zona-14-daa24696/,Dormitorios: 2,Ba√±os: 1,Tama√±o de la propiedad: 76 m2
Apartamento amueblado en renta Attica zona 1...,"$ 1,650 todo incluido","Zona 14, *Guatemala, Ciudad",https://mapainmueble.com/properties/apartamento-amueblado-en-renta-attica-zona-14-daa24251/,Dormitorios: 3,Ba√±os: 3,No especificado
Apartamento en alquiler zona 14 de 3 habitac...,"$ 3,500","Zona 14, *Guatemala, Ciudad",https://mapainmueble.com/properties/apartamento-en-alquiler-zona-14-de-3-habitaciones-guadi-daa24008/,Dormitorios: 3,Ba√±os: 3.5,Tama√±o de la propiedad: 328 m2
TADEUS ZONA 14 ALQUILER,"$ 3,585 Incluye IVA","Zona 14, *Guatemala, Ciudad",https://mapainmueble.com/properties/tadeus-zona-14-alquiler-daa42109/,Dormitorios: 3,Ba√±os: 3.5,Tama√±o de la propiedad: 406 m2
Apartamento de 3 habitaciones amubladoben z1...,"$ 1,300 Amueblado","Zona 14, *Guatemala, Ciudad",https://mapainmueble.com/properties/apartamento-de-3-habitaciones-amubladoben-z14-daa23875/,Dormitorios: 3,Ba√±os: 2.5,Tama√±o del lote del Inmueble: 10 m2
Apartamento en venta zona 14,"$ 586,400 Apartamento de lujo","Zona 14, *Guatemala, Ciudad",https://mapainmueble.com/properties/apartamento-en-venta-zona-14-daa23702/,Dormitorios: 2,Ba√±os: 2.5,Tama√±o de la propiedad: 308 m2
Apartamento en alquiler Tiffany Quinta aveni...,"$ 1,800 + IVA","Zona 14, *Guatemala, Ciudad",https://mapainmueble.com/properties/apartamento-en-alquiler-zona-14-tiffany-quinta-avenida-DAA23516/,Dormitorios: 2,Ba√±os: 2,Tama√±o de la propiedad: 125 m2
Apartamento amueblado de 3 habitaciones en z...,"$ 1,000 Amplio apartamento","Zona 14, *Guatemala, Ciudad",https://mapainmueble.com/properties/apartamento-amueblado-de-3-habitaciones-en-zona-14-daa23403/,Dormitorios: 3,Ba√±os: 3.5,Tama√±o de la propiedad: 225 m2
Apartamento en renta Segheria Z.14,"$ 1,200","Zona 14, *Guatemala, Ciudad",https://mapainmueble.com/properties/apartamento-en-renta-segheria-z-14-daa23367/,Dormitorios: 3,Ba√±os: 2.5,Tama√±o de la propiedad: 141 m2
Apartamento en alquiler amueblado de una hab...,"$ 1,000 Amplio apartamento","Zona 14, *Guatemala, Ciudad",https://mapainmueble.com/properties/apartamento-en-alquiler-amueblado-de-una-habitacion-en-z14-daa22989/,Dormitorios: 1,Ba√±os: 1.5,No especificado
Apartamento de dos habitaciones en zona 14,$ 950 Vive en zona a 14,"Zona 14, *Guatemala, Ciudad",https://mapainmueble.com/properties/apartamento-de-dos-habitaciones-en-zona-14-DAA22948/,Dormitorios: 2,Ba√±os: 2.5,Tama√±o de la propiedad: 72 m2
zona 14 amueblado 3 habitaciones,"$ 1,200 incluido el mantenimiento","Zona 14, *Guatemala, Ciudad",https://mapainmueble.com/properties/zona-14-amueblado-3-habitaciones-daa22319/,Dormitorios: 3,Ba√±os: 2,Tama√±o de la propiedad: 115 m2
Apartamento en sector exclusivo de zona 14 c...,"$ 5,000","Zona 14, *Guatemala, Ciudad",https://mapainmueble.com/properties/apartamento-en-sector-exclusivo-de-zona-14-con-vista-a-la-ciudad-daa21953/,Dormitorios: 3,Ba√±os: 3.5,Tama√±o de la propiedad: 305 m2
Apartamento en alquiler 2 dormitorios,"$ 1,650","Zona 14, *Guatemala, Ciudad",https://mapainmueble.com/properties/apartamento-en-alquiler-2-dormitorios-daa21718/,Dormitorios: 2,Ba√±os: 2.5,Tama√±o de la propiedad: 160 m2
Apartamento amueblado en alquiler z 14,"$ 2,200","Zona 14, *Guatemala, Ciudad",https://mapainmueble.com/properties/apartamento-amueblado-en-alquiler-z-14-daa20725/,Dormitorios: 2,Ba√±os: 2.5,Tama√±o de la propiedad: 350 m2
Apartamento amueblado en alquiler,"$ 3,600","Zona 14, *Guatemala, Ciudad",https://mapainmueble.com/properties/apartamento-amueblado-en-alquiler-daa20722/,Dormitorios: 4,Ba√±os: 4,Tama√±o de la propiedad: 500 m2
Apartamento en alquiler zona 14 de 3  dormit...,"$ 4,000","Zona 14, *Guatemala, Ciudad",https://mapainmueble.com/properties/apartamento-en-renta-zona-14-amueblado-de-3-dormitorios-santa-ines-DAA20134/,Dormitorios: 3,Ba√±os: 3.5,Tama√±o de la propiedad: 225 m2
Apartamento nuevo La Villa zona14 con lindas...,"$ 1,000 con mantenimiento","Zona 14, *Guatemala, Ciudad",https://mapainmueble.com/properties/apartamento-en-renta-la-villa-zona14-excelente-precio-DAA19778/,Dormitorios: 3,Ba√±os: 2,Tama√±o de la propiedad: 98 m2
ALQUILO APARTAMENTO ZONA 14 AMUEBLADO Y EQUI...,$ 750,"Zona 14, *Guatemala, Ciudad",https://mapainmueble.com/properties/alquilo-apartamento-zona-14-amueblado-y-equipado-de-dos-dormitorios-y-dormitorio-de-servicio-daa13616/,Dormitorios: 2,Ba√±os: 3,No especificado
ALQUILO APARTAMENTO ZONA 14 DE TRES DORMITOR...,"$ 1,300","Zona 14, *Guatemala, Ciudad",https://mapainmueble.com/properties/alquilo-apartamento-zona-14-de-tres-dormitorios-y-dormitorio-de-servicio-6/,Dormitorios: 3,Ba√±os: 2.5,Tama√±o de la propiedad: 220 m2
"ALQUILO APARTAMENTO ZONA 04 REMODELADO, AMUE...",$ 750,"Zona 14, Zona 4, *Guatemala, Ciudad",https://mapainmueble.com/properties/alquilo-apartamento-zona-14-amplio-y-lindo-de-400-mt2/,Dormitorios: 1,Ba√±os: 1,No especificado
ALQUILO APARTAMENTO ZONA 14 AZURE KATORCE DE...,"$ 1,650","Zona 14, *Guatemala, Ciudad",https://mapainmueble.com/properties/alquilo-apartamento-zona-14-azure-katorce-de-tres-dormitorios-en-nivel-bajo/,Dormitorios: 3,Ba√±os: 3.5,Tama√±o de la propiedad: 174 m2
Hermoso Apartamento en Zona 14,$ 667,"Zona 14, *Guatemala, Ciudad",https://mapainmueble.com/properties/hermoso-apartamento-en-zona-14-5/,Dormitorios: 3,Ba√±os: 2,Tama√±o de la propiedad: 80 m2
Guatemala,"$ 1,300","Zona 14, *Guatemala, Ciudad",https://mapainmueble.com/properties/guatemala-4/,Dormitorios: 2,Ba√±os: 2,Tama√±o de la propiedad: 120 m2
Hermoso Apartamento en Zona 14,$ 850,"Zona 14, *Guatemala, Ciudad",https://mapainmueble.com/properties/hermoso-apartamento-en-zona-14-4/,Dormitorios: 3,Ba√±os: 2,Tama√±o de la propiedad: 85 m2
Apartamento en renta ubicado en zona 14,"$ 1,100","Zona 14, *Guatemala, Ciudad",https://mapainmueble.com/properties/apartamento-en-renta-ubicado-en-zona-14-29/,Dormitorios: 3,Ba√±os: 2.5,Tama√±o de la propiedad: 114 m2
Hermoso Apartamento en Zona 14,"$ 3,000","Zona 14, *Guatemala, Ciudad",https://mapainmueble.com/properties/hermoso-apartamento-en-zona-14-3/,Dormitorios: 3,Ba√±os: 3,Tama√±o de la propiedad: 284 m2
